Date,Sleep score,Resting heart rate,Body Battery,Breaths per minute (during sleep),HRV-status,Deep sleep (mins),REM sleep (mins),Restless moments,Duration (mins),Bed-time,Wakeup-time,Steps,Calories,Weight (in kilograms),Max HR,Run (kms),Ride (kms),Minutes intense exercise,Screen time (in minutes),Last screen usage,AvgTemp_C,MinTemp_C,MaxTemp_C,Sunrise,Sunset,Humidity_Max,Humidity_Avg,Humidity_Min,WindSpeed_Max,WindSpeed_Avg,WindSpeed_Min,Pressure_Max,Pressure_Avg,Pressure_Min,Precipitation_mm,GMM_outlier_Sleep score,GMM_outlier_Resting heart rate,GMM_outlier_Body Battery,GMM_outlier_Breaths per minute (during sleep),GMM_outlier_HRV-status,GMM_outlier_Deep sleep (mins),GMM_outlier_REM sleep (mins),GMM_outlier_Restless moments,GMM_outlier_Duration (mins),GMM_outlier_Steps,GMM_outlier_Calories,GMM_outlier_Weight (in kilograms),GMM_outlier_Max HR,GMM_outlier_Run (kms),GMM_outlier_Ride (kms),GMM_outlier_Minutes intense exercise,GMM_outlier_AvgTemp_C,GMM_outlier_MinTemp_C,GMM_outlier_MaxTemp_C,GMM_outlier_Humidity_Max,GMM_outlier_Humidity_Avg,GMM_outlier_Humidity_Min,GMM_outlier_WindSpeed_Max,GMM_outlier_WindSpeed_Avg,GMM_outlier_WindSpeed_Min,GMM_outlier_Pressure_Max,GMM_outlier_Pressure_Avg,GMM_outlier_Pressure_Min,GMM_outlier_Precipitation_mm,bedtime_parsed,wakeup_parsed,bedtime_minutes,wakeup_minutes,bedtime_minutes_adj,bedtime_category,weekday,is_weekend,day_of_week,sunset_parsed,sunrise_parsed,sunset_minutes,sunrise_minutes,sunset_to_bedtime_mins,sunset_to_bedtime_hours,daylight_duration_mins,daylight_duration_hours,sunset_bedtime_category,activity_level,total_exercise_time,had_exercise,total_distance,had_cardio,hr_efficiency,weight_change,temp_range,temp_comfort,weather_category,pressure_change,wind_variability,weather_sleep_score,weekend_late_bed,exercise_sleep_interaction,weather_activity_score,bedtime_consistency,sleep_efficiency,rem_efficiency,deep_sleep_percentage,optimal_deep_sleep,deep_rem_ratio,recovery_score,sleep_debt,sleep_debt_category,prev_deep_sleep,prev_sleep_score,prev_body_battery
2025-06-01,76.0,58.0,51.0,13.0,40.0,47.0,155.0,37.0,438.0,1:46 AM,9:08 AM,9509,4523,80.6,145,0.0,17.24,206,,,17.5,14.0,19.0,05:24,21:52,88,69.2,55,37,20.8,7,1014.5,1013.3,1012.5,0.0,False,False,False,False,True,False,False,False,False,False,False,False,False,False,False,False,False,False,False,False,False,False,False,False,False,False,False,False,False,01:46:00,09:08:00,106.0,548.0,106.0,on_time,Sunday,True,6,21:52:00,05:24:00,1312,324,234.0,3.9,988,16.466666666666665,normal_after_sunset,moderate_activity,206,1,17.24,1,163.94827586206895,,5.0,2.5,comfortable,2.0,30,20.481999999999996,0,76.0,9509.0,67.27551020408163,0.10730593607305935,0.3538812785388128,10.730593607305936,0,0.30128205128205127,45.00000000000001,42.0,optimal,,,
2025-05-31,90.0,56.0,66.0,13.0,35.0,68.0,149.0,47.0,531.0,11:11 PM,8:02 AM,5128,2343,80.6,103,0.0,0.0,0,,,19.3,12.0,26.0,05:25,21:51,100,73.2,47,15,7.8,2,1018.5,1017.0,1014.5,0.0,False,False,False,False,False,False,False,False,False,False,False,False,True,False,False,False,True,False,True,False,False,False,False,False,False,False,False,False,False,23:11:00,08:02:00,1391.0,482.0,-49.0,on_time,Saturday,True,5,21:51:00,05:25:00,1311,325,80.0,1.3333333333333333,986,16.433333333333334,early_after_sunset,moderate_activity,0,0,0.0,0,91.57142857142857,0.0,14.0,0.6999999999999993,comfortable,4.0,13,23.275800000000004,0,0.0,5128.0,87.72448979591837,0.128060263653484,0.2806026365348399,12.8060263653484,0,0.4533333333333333,50.10000000000001,-51.0,optimal,47.0,76.0,51.0
2025-05-30,87.0,54.0,66.0,13.0,35.0,94.0,126.0,47.0,533.0,12:55 AM,9:59 AM,5419,3237,81.0,149,0.0,0.0,116,,,17.1,14.0,21.0,05:26,21:50,100,81.8,64,35,19.8,2,1019.5,1019.1,1018.5,0.0,False,False,False,False,False,False,False,False,False,False,False,False,False,False,False,False,False,False,False,False,False,False,False,False,False,False,False,False,False,00:55:00,09:59:00,55.0,599.0,55.0,on_time,Friday,False,4,21:50:00,05:26:00,1310,326,185.0,3.0833333333333335,984,16.4,early_after_sunset,moderate_activity,116,1,0.0,0,100.35185185185185,0.4000000000000057,7.0,2.8999999999999986,humid,1.0,33,13.538070000000005,0,87.0,4335.2,16.275510204081634,0.17636022514071295,0.23639774859287055,17.636022514071296,1,0.7401574803149606,50.7,-53.0,optimal,68.0,90.0,66.0
2025-05-29,86.0,53.0,61.0,12.0,37.0,109.0,147.0,42.0,506.0,12:58 AM,9:25 AM,6538,2850,81.0,117,0.0,0.0,2,,,14.4,10.0,19.0,05:27,21:49,100,88.7,77,37,18.4,2,1021.5,1019.6,1017.5,0.0,False,False,False,False,False,False,False,False,False,False,False,False,False,False,False,False,False,False,False,False,False,False,False,False,False,False,False,False,False,00:58:00,09:25:00,58.0,565.0,58.0,on_time,Thursday,False,3,21:49:00,05:27:00,1309,327,189.0,3.15,982,16.366666666666667,early_after_sunset,moderate_activity,2,1,0.0,0,123.35849056603773,0.0,9.0,5.6,humid,4.0,35,6.996959999999999,0,86.0,5230.400000000001,19.275510204081634,0.21541501976284586,0.29051383399209485,21.541501976284586,0,0.7364864864864865,49.6,-26.0,optimal,94.0,87.0,66.0
2025-05-28,79.0,54.0,66.0,13.0,37.0,31.0,103.0,44.0,495.0,12:45 AM,9:02 AM,7737,3049,81.0,124,0.0,9.75,70,,,14.8,11.0,16.0,05:28,21:48,94,84.3,68,41,25.9,9,1020.5,1013.7,1009.5,0.0,False,False,False,False,False,False,False,False,False,False,False,False,False,False,False,False,False,False,False,False,False,False,False,False,False,False,False,False,False,00:45:00,09:02:00,45.0,542.0,45.0,on_time,Wednesday,False,2,21:48:00,05:28:00,1308,328,177.0,2.95,980,16.333333333333332,early_after_sunset,moderate_activity,70,1,9.75,1,143.27777777777777,0.0,5.0,5.199999999999999,humid,11.0,32,9.178220000000001,0,79.0,6189.6,6.275510204081634,0.06262626262626263,0.2080808080808081,6.262626262626263,0,0.2980769230769231,51.3,-15.0,optimal,109.0,86.0,61.0
2025-05-27,80.0,56.0,54.0,13.0,36.0,63.0,69.0,41.0,495.0,11:03 PM,7:31 AM,6645,2699,81.0,111,0.0,0.0,0,,,14.5,12.0,18.0,05:29,21:46,94,83.7,63,44,32.3,17,1015.5,1012.4,1009.5,0.0,False,False,False,False,False,False,False,False,False,False,False,False,False,False,False,False,False,False,False,False,False,False,True,True,False,False,False,False,False,23:03:00,07:31:00,1383.0,451.0,-57.0,on_time,Tuesday,False,1,21:46:00,05:29:00,1306,329,77.0,1.2833333333333334,977,16.283333333333335,early_after_sunset,moderate_activity,0,0,0.0,0,118.66071428571429,0.0,6.0,5.5,humid,6.0,27,9.453999999999995,0,0.0,5316.0,95.72448979591837,0.12727272727272726,0.1393939393939394,12.727272727272727,0,0.9,45.599999999999994,-15.0,optimal,31.0,79.0,66.0
2025-05-26,86.0,52.0,92.0,14.0,36.0,47.0,259.0,66.0,883.0,7:45 PM,10:31 AM,6327,2692,81.0,122,0.0,0.0,2,,,15.2,13.0,18.0,05:30,21:45,88,65.5,45,37,25.5,7,1016.5,1014.9,1012.5,0.0,False,False,True,False,False,False,True,False,True,False,False,False,False,False,False,False,False,False,False,False,False,False,False,False,False,False,False,False,False,19:45:00,10:31:00,1185.0,631.0,-255.0,early,Monday,False,0,21:45:00,05:30:00,1305,330,-120.0,-2.0,975,16.25,early_after_sunset,moderate_activity,2,1,0.0,0,121.67307692307692,0.0,5.0,4.800000000000001,comfortable,4.0,30,22.5492,0,86.0,6327.0,293.7244897959184,0.053227633069082674,0.29331823329558326,5.322763306908267,0,0.18076923076923077,62.0,-403.0,oversleep,63.0,80.0,54.0
2025-05-25,33.0,57.0,7.0,15.0,36.0,54.0,0.0,15.0,252.0,6:14 AM,10:37 AM,12645,3001,81.0,121,0.0,0.0,6,,,15.5,14.0,19.0,05:31,21:44,94,82.7,59,44,25.3,4,1012.5,1008.8,1006.5,0.0,False,False,True,True,False,False,False,True,True,False,False,False,False,False,False,False,False,False,False,False,False,False,True,False,False,False,False,False,False,06:14:00,10:37:00,374.0,637.0,374.0,late,Sunday,True,6,21:44:00,05:31:00,1304,331,510.0,8.5,973,16.216666666666665,late_after_sunset,moderate_activity,6,1,0.0,0,221.8421052631579,0.0,5.0,4.5,humid,6.0,40,4.424474999999998,1,33.0,10116.0,335.2755102040816,0.21428571428571427,0.0,21.428571428571427,0,54.0,26.5,228.0,undersleep,47.0,86.0,92.0
2025-05-24,85.0,52.0,61.0,13.0,40.0,104.0,81.0,34.0,534.0,11:03 PM,8:02 AM,13793,3700,81.0,122,0.0,0.0,7,,,12.4,7.0,16.0,05:32,21:42,100,86.0,71,30,19.2,9,1017.5,1012.5,1009.5,0.0,False,False,False,False,True,False,False,False,False,False,False,False,False,False,False,False,False,False,False,False,False,False,False,False,False,False,False,False,False,23:03:00,08:02:00,1383.0,482.0,-57.0,on_time,Saturday,True,5,21:42:00,05:32:00,1302,332,81.0,1.35,970,16.166666666666668,early_after_sunset,moderate_activity,7,1,0.0,0,265.25,0.0,9.0,7.6,humid,8.0,21,7.378000000000001,0,85.0,11034.400000000001,95.72448979591837,0.1947565543071161,0.15168539325842698,19.475655430711612,1,1.2682926829268293,50.800000000000004,-54.0,optimal,54.0,33.0,7.0
2025-05-23,100.0,49.0,70.0,13.0,39.0,148.0,152.0,29.0,573.0,1:47 AM,11:20 AM,5253,2465,81.0,113,0.0,0.0,0,,,10.3,7.0,13.0,05:33,21:41,87,70.9,54,33,20.0,9,1018.5,1017.4,1016.5,0.0,True,True,False,False,False,True,False,False,False,False,False,False,False,False,False,False,False,False,False,False,False,False,False,False,False,False,False,False,False,01:47:00,11:20:00,107.0,680.0,107.0,on_time,Friday,False,4,21:41:00,05:33:00,1301,333,246.0,4.1,968,16.133333333333333,normal_after_sunset,moderate_activity,0,0,0.0,0,107.20408163265306,0.0,6.0,9.7,comfortable,2.0,24,14.986499999999996,0,0.0,5253.0,68.27551020408163,0.2582897033158813,0.26527050610820246,25.82897033158813,0,0.9673202614379085,55.0,-93.0,oversleep,104.0,85.0,61.0
2025-05-22,89.0,56.0,70.0,13.0,38.0,119.0,113.0,32.0,530.0,2:19 AM,11:18 AM,6328,2691,81.0,119,0.0,0.0,4,,,11.5,8.0,14.0,05:34,21:40,82,62.0,44,33,20.1,7,1017.5,1016.1,1014.5,0.0,False,False,False,False,False,False,False,False,False,False,False,False,False,False,False,False,False,False,False,False,False,False,False,False,False,False,False,False,False,02:19:00,11:18:00,139.0,678.0,139.0,late,Thursday,False,3,21:40:00,05:34:00,1300,334,279.0,4.65,966,16.1,normal_after_sunset,moderate_activity,4,1,0.0,0,113.0,0.0,6.0,8.5,comfortable,3.0,26,19.4465,0,89.0,6328.0,100.27551020408163,0.22452830188679246,0.21320754716981133,22.452830188679247,0,1.043859649122807,52.599999999999994,-50.0,optimal,148.0,100.0,70.0
2025-05-21,56.0,58.0,49.0,12.0,38.0,38.0,64.0,34.0,409.0,2:04 AM,9:58 AM,6775,2780,81.0,129,0.0,0.0,7,,,12.5,8.0,16.0,05:36,21:38,100,75.3,58,28,16.1,4,1017.5,1015.4,1014.5,0.0,False,False,False,False,False,False,False,False,False,False,False,False,False,False,False,False,False,False,False,False,False,False,False,False,False,False,False,False,False,02:04:00,09:58:00,124.0,598.0,124.0,on_time,Wednesday,False,2,21:38:00,05:36:00,1298,336,266.0,4.433333333333334,962,16.033333333333335,normal_after_sunset,moderate_activity,7,1,0.0,0,116.8103448275862,0.0,8.0,7.5,comfortable,3.0,24,8.645,0,56.0,6775.0,85.27551020408163,0.09290953545232274,0.15647921760391198,9.290953545232274,0,0.5846153846153846,43.6,71.0,undersleep,119.0,89.0,70.0
2025-05-20,94.0,53.0,70.0,12.0,38.0,84.0,132.0,40.0,542.0,11:09 PM,8:16 AM,9078,3209,81.4,131,0.0,14.81,89,,,14.9,9.0,20.0,05:37,21:37,94,66.9,35,26,14.1,6,1020.5,1019.1,1018.5,0.0,False,False,False,False,False,False,False,False,False,False,False,False,False,False,False,False,False,False,False,False,False,False,False,False,False,False,False,False,False,23:09:00,08:16:00,1389.0,496.0,-51.0,on_time,Tuesday,False,1,21:37:00,05:37:00,1297,337,92.0,1.5333333333333334,960,16.0,early_after_sunset,moderate_activity,89,1,14.81,1,171.28301886792454,0.4000000000000057,11.0,5.1,comfortable,2.0,20,23.17993,0,94.0,9078.0,89.72448979591837,0.15498154981549817,0.24354243542435425,15.498154981549817,1,0.631578947368421,53.5,-62.0,oversleep,38.0,56.0,49.0
2025-05-19,89.0,52.0,69.0,12.0,36.0,71.0,141.0,44.0,519.0,11:45 PM,8:31 AM,13199,3040,81.7,151,8.5,0.0,112,,,15.1,8.0,20.0,05:38,21:35,100,66.4,40,24,13.1,4,1021.5,1020.2,1019.5,0.0,False,False,False,False,False,False,False,False,False,False,False,False,False,False,False,False,False,False,False,False,False,False,False,False,False,False,False,False,False,23:45:00,08:31:00,1425.0,511.0,-15.0,on_time,Monday,False,0,21:35:00,05:38:00,1295,338,130.0,2.1666666666666665,957,15.95,early_after_sunset,moderate_activity,112,1,8.5,1,253.82692307692307,0.29999999999999716,12.0,4.9,comfortable,2.0,20,22.57752,0,89.0,13199.0,53.724489795918366,0.13680154142581888,0.27167630057803466,13.680154142581888,0,0.5,52.8,-39.0,optimal,84.0,94.0,70.0
2025-05-18,87.0,55.0,55.0,13.0,34.0,71.0,97.0,41.0,468.0,1:26 AM,9:14 AM,6733,2649,82.0,116,0.0,0.0,0,,,13.9,11.0,18.0,05:40,21:34,88,72.9,55,26,15.6,9,1019.5,1017.9,1017.5,0.0,False,False,False,False,False,False,False,False,False,False,False,False,False,False,False,False,False,False,False,False,False,False,False,False,False,False,False,False,False,01:26:00,09:14:00,86.0,554.0,86.0,on_time,Sunday,True,6,21:34:00,05:40:00,1294,340,232.0,3.8666666666666667,954,15.9,normal_after_sunset,moderate_activity,0,0,0.0,0,122.41818181818182,0.29999999999999716,7.0,6.1,comfortable,2.0,17,16.386014999999997,0,0.0,6733.0,47.275510204081634,0.1517094017094017,0.20726495726495728,15.17094017094017,1,0.7244897959183674,45.7,12.0,optimal,71.0,89.0,69.0
2025-05-17,88.0,55.0,56.0,13.0,34.0,92.0,123.0,56.0,536.0,1:12 AM,10:21 AM,9005,2966,82.0,145,0.0,0.0,51,,,12.7,9.0,17.0,05:41,21:32,100,77.9,55,26,16.1,6,1020.5,1019.0,1018.5,0.0,False,False,False,False,False,False,False,False,False,False,False,False,False,False,False,False,False,False,False,False,False,False,False,False,False,False,False,False,False,01:12:00,10:21:00,72.0,621.0,72.0,on_time,Saturday,True,5,21:32:00,05:41:00,1292,341,220.0,3.6666666666666665,951,15.85,normal_after_sunset,moderate_activity,51,1,0.0,0,163.72727272727272,0.0,8.0,7.300000000000001,comfortable,2.0,20,12.34948,0,88.0,9005.0,33.275510204081634,0.17164179104477612,0.2294776119402985,17.16417910447761,1,0.7419354838709677,46.1,-56.0,optimal,71.0,87.0,55.0
2025-05-16,90.0,55.0,65.0,13.0,34.0,92.0,123.0,44.0,574.0,2:36 AM,12:12 PM,7981,2586,82.0,109,0.0,0.0,0,,,10.6,6.0,14.0,05:43,21:31,100,80.0,63,26,15.8,6,1024.5,1022.5,1020.5,0.0,False,False,False,False,False,False,False,False,False,False,False,False,False,False,False,False,False,False,False,False,False,False,False,False,False,False,False,False,False,02:36:00,12:12:00,156.0,732.0,156.0,late,Friday,False,4,21:31:00,05:43:00,1291,343,305.0,5.083333333333333,948,15.8,normal_after_sunset,moderate_activity,0,0,0.0,0,145.1090909090909,0.0,8.0,9.4,comfortable,4.0,20,9.54,0,0.0,7981.0,117.27551020408163,0.1602787456445993,0.21428571428571427,16.02787456445993,1,0.7419354838709677,49.7,-94.0,oversleep,92.0,88.0,56.0
2025-05-15,79.0,58.0,62.0,13.0,33.0,68.0,48.0,51.0,475.0,3:21 AM,11:23 AM,2447,2589,81.9,120,0.0,0.0,10,,,12.6,7.0,18.0,05:44,21:29,93,66.4,37,31,22.2,13,1024.5,1021.2,1019.5,0.0,False,False,False,False,False,False,False,False,False,False,False,False,False,False,False,False,False,False,False,False,False,False,False,False,False,False,False,False,False,03:21:00,11:23:00,201.0,683.0,201.0,late,Thursday,False,3,21:29:00,05:44:00,1289,344,352.0,5.866666666666666,945,15.75,late_after_sunset,low_activity,10,1,0.0,0,42.189655172413794,-0.09999999999999432,11.0,7.4,comfortable,5.0,18,16.72272,0,79.0,2447.0,162.27551020408163,0.1431578947368421,0.10105263157894737,14.315789473684209,0,1.3877551020408163,47.300000000000004,5.0,optimal,92.0,90.0,65.0
2025-05-14,70.0,58.0,54.0,14.0,33.0,73.0,31.0,47.0,477.0,1:42 AM,9:57 AM,2629,2622,81.9,120,0.0,0.0,2,,,13.8,10.0,19.0,05:46,21:28,82,69.0,45,28,17.4,7,1020.5,1020.0,1019.5,0.0,False,False,False,False,False,False,False,False,False,False,False,False,False,False,False,False,False,False,False,False,False,False,False,False,False,False,False,False,False,01:42:00,09:57:00,102.0,597.0,102.0,on_time,Wednesday,False,2,21:28:00,05:46:00,1288,346,254.0,4.233333333333333,942,15.7,normal_after_sunset,low_activity,2,1,0.0,0,45.327586206896555,0.0,9.0,6.199999999999999,comfortable,1.0,21,14.973000000000004,0,70.0,2629.0,63.275510204081634,0.1530398322851153,0.0649895178197065,15.30398322851153,1,2.28125,44.1,3.0,optimal,68.0,79.0,62.0
2025-05-13,72.0,61.0,37.0,13.0,34.0,77.0,44.0,36.0,394.0,2:15 AM,8:50 AM,4365,2707,81.9,145,0.0,0.0,33,,,17.3,12.0,22.0,05:47,21:26,67,45.5,31,28,19.9,15,1019.5,1018.3,1016.5,0.0,False,False,False,False,False,False,False,False,False,False,False,False,False,False,False,False,False,False,False,False,True,False,False,False,False,False,False,False,False,02:15:00,08:50:00,135.0,530.0,135.0,on_time,Tuesday,False,1,21:26:00,05:47:00,1286,347,289.0,4.816666666666666,939,15.65,normal_after_sunset,low_activity,33,1,0.0,0,71.55737704918033,0.0,10.0,2.6999999999999993,comfortable,3.0,13,33.9426,0,72.0,4365.0,96.27551020408163,0.19543147208121828,0.1116751269035533,19.543147208121827,1,1.711111111111111,36.7,86.0,undersleep,73.0,70.0,54.0
2025-05-12,81.0,60.0,44.0,13.0,35.0,86.0,76.0,39.0,447.0,12:40 AM,8:09 AM,8979,2698,81.9,116,0.0,0.0,0,,,19.0,13.0,24.0,05:49,21:25,67,46.9,31,24,18.4,11,1015.5,1013.4,1012.5,0.0,False,False,False,False,False,False,False,False,False,False,False,False,False,False,False,False,False,False,False,False,False,False,False,False,False,False,False,False,False,00:40:00,08:09:00,40.0,489.0,40.0,on_time,Monday,False,0,21:25:00,05:49:00,1285,349,195.0,3.25,936,15.6,early_after_sunset,moderate_activity,0,0,0.0,0,149.65,0.0,11.0,1.0,comfortable,3.0,13,40.86045,0,0.0,8979.0,1.275510204081634,0.19239373601789708,0.17002237136465326,19.23937360178971,1,1.1168831168831168,40.1,33.0,optimal,77.0,72.0,37.0
2025-05-11,75.0,58.0,48.0,13.0,37.0,64.0,63.0,38.0,443.0,12:13 AM,7:59 AM,7742,2387,81.8,101,0.0,0.0,0,,,18.2,11.0,24.0,05:51,21:23,76,48.7,25,28,16.6,6,1017.5,1014.4,1011.5,0.0,False,False,False,False,False,False,False,False,False,False,False,False,True,False,False,False,False,False,False,False,False,True,False,False,False,False,False,False,False,00:13:00,07:59:00,13.0,479.0,13.0,on_time,Sunday,True,6,21:23:00,05:51:00,1283,351,170.0,2.8333333333333335,932,15.533333333333333,early_after_sunset,moderate_activity,0,0,0.0,0,133.48275862068965,-0.10000000000000853,13.0,1.8000000000000007,comfortable,6.0,22,35.012249999999995,0,0.0,7742.0,25.724489795918366,0.14446952595936793,0.14221218961625282,14.446952595936793,0,1.0,42.900000000000006,37.0,optimal,86.0,81.0,44.0
2025-05-10,87.0,59.0,60.0,13.0,34.0,111.0,90.0,41.0,474.0,12:12 AM,8:21 AM,6898,2681,81.8,116,0.0,0.0,0,,,15.8,8.0,21.0,05:52,21:21,81,53.2,35,26,15.2,6,1022.5,1020.3,1017.5,0.0,False,False,False,False,False,False,False,False,False,False,False,False,False,False,False,False,False,False,False,False,False,False,False,False,False,False,False,False,False,00:12:00,08:21:00,12.0,501.0,12.0,on_time,Saturday,True,5,21:21:00,05:52:00,1281,352,171.0,2.85,929,15.483333333333333,early_after_sunset,moderate_activity,0,0,0.0,0,116.91525423728814,0.0,13.0,4.199999999999999,comfortable,5.0,20,32.16564,0,0.0,6898.0,26.724489795918366,0.23417721518987342,0.189873417721519,23.417721518987342,0,1.2197802197802199,46.5,6.0,optimal,64.0,75.0,48.0
2025-05-09,72.0,62.0,42.0,14.0,34.0,37.0,78.0,46.0,420.0,12:17 AM,7:53 AM,7296,2618,82.1,119,0.0,0.0,2,,,14.3,8.0,19.0,05:54,21:20,81,53.5,37,24,15.8,7,1022.5,1021.3,1020.5,0.0,False,False,False,False,False,False,False,False,False,False,False,False,False,False,False,False,False,False,False,False,False,False,False,False,False,False,False,False,False,00:17:00,07:53:00,17.0,473.0,17.0,on_time,Friday,False,4,21:20:00,05:54:00,1280,354,177.0,2.95,926,15.433333333333334,early_after_sunset,moderate_activity,2,1,0.0,0,117.6774193548387,0.29999999999999716,11.0,5.699999999999999,comfortable,2.0,17,23.938200000000002,0,72.0,7296.0,21.724489795918366,0.0880952380952381,0.18571428571428572,8.80952380952381,0,0.46835443037974683,38.4,60.0,optimal,111.0,87.0,60.0
2025-05-08,75.0,60.0,50.0,13.0,33.0,61.0,50.0,34.0,407.0,12:21 AM,7:15 AM,13169,3931,82.4,157,6.58,30.75,254,,,13.1,8.0,19.0,05:56,21:18,93,63.7,34,22,13.3,9,1020.5,1019.3,1018.5,0.0,False,False,False,False,False,False,False,False,False,False,False,False,False,False,False,False,False,False,False,False,False,False,False,False,False,False,False,False,False,00:21:00,07:15:00,21.0,435.0,21.0,on_time,Thursday,False,3,21:18:00,05:56:00,1278,356,183.0,3.05,922,15.366666666666667,early_after_sunset,moderate_activity,254,1,37.33,1,219.48333333333332,0.30000000000001137,11.0,6.9,comfortable,2.0,13,17.832375,0,75.0,13169.0,17.724489795918366,0.14987714987714987,0.12285012285012285,14.987714987714988,0,1.196078431372549,41.9,73.0,undersleep,37.0,72.0,42.0
2025-05-07,89.0,56.0,67.0,13.0,34.0,81.0,115.0,42.0,488.0,11:56 PM,8:11 AM,19131,4076,82.1,174,9.03,20.27,241,,,11.1,7.0,16.0,05:58,21:16,87,69.3,52,24,15.5,7,1023.5,1021.8,1020.5,0.0,False,False,False,False,False,False,False,False,False,False,False,False,False,False,False,False,False,False,False,False,False,False,False,False,False,False,False,False,False,23:56:00,08:11:00,1436.0,491.0,-4.0,on_time,Wednesday,False,2,21:16:00,05:58:00,1276,358,160.0,2.6666666666666665,918,15.3,early_after_sunset,high_activity,241,1,29.299999999999997,1,341.625,-0.30000000000001137,9.0,8.9,comfortable,3.0,17,15.164265000000002,0,89.0,19131.0,42.724489795918366,0.16598360655737704,0.23565573770491804,16.598360655737704,1,0.6982758620689655,50.2,-8.0,optimal,61.0,75.0,50.0
2025-05-06,82.0,58.0,49.0,13.0,34.0,57.0,113.0,61.0,508.0,12:26 AM,9:01 AM,9466,3366,82.6,133,0.0,14.63,94,,,9.5,4.0,13.0,05:59,21:15,87,72.2,58,22,14.5,6,1023.5,1022.7,1022.5,0.0,False,False,False,False,False,False,False,False,False,False,False,False,False,False,False,False,False,False,False,False,False,False,False,False,False,False,False,False,False,00:26:00,09:01:00,26.0,541.0,26.0,on_time,Tuesday,False,1,21:15:00,05:59:00,1275,359,191.0,3.183333333333333,916,15.266666666666667,early_after_sunset,moderate_activity,94,1,14.63,1,163.20689655172413,0.5,9.0,10.5,cold,1.0,16,10.8281,0,82.0,7572.8,12.724489795918366,0.11220472440944881,0.22244094488188976,11.220472440944881,0,0.5,42.4,-28.0,optimal,81.0,89.0,67.0
2025-05-05,86.0,58.0,84.0,13.0,35.0,69.0,105.0,48.0,606.0,11:25 PM,9:31 AM,23412,3611,82.5,165,8.02,0.0,110,,,9.5,4.0,15.0,06:01,21:13,93,63.6,38,31,16.6,0,1022.5,1018.9,1016.5,0.0,False,False,False,False,False,False,False,False,False,True,False,False,False,False,False,False,False,False,False,False,False,False,False,False,False,False,False,False,False,23:25:00,09:31:00,1405.0,571.0,-35.0,on_time,Monday,False,0,21:13:00,06:01:00,1273,361,132.0,2.2,912,15.2,early_after_sunset,high_activity,110,1,8.02,1,403.6551724137931,-0.09999999999999432,11.0,10.5,cold,6.0,31,14.8694,0,86.0,18729.600000000002,73.72448979591837,0.11386138613861387,0.17326732673267325,11.386138613861387,0,0.6509433962264151,56.7,-126.0,oversleep,57.0,82.0,49.0
2025-05-04,46.0,62.0,22.0,15.0,34.0,84.0,28.0,47.0,448.0,1:50 AM,9:46 AM,3926,2753,82.5,131,0.0,0.0,29,,,10.1,6.0,13.0,06:03,21:11,87,67.1,51,28,19.3,9,1016.5,1014.9,1013.5,0.0,False,False,False,True,False,False,False,False,False,False,False,False,False,False,False,False,False,False,False,False,False,False,False,False,False,False,False,False,False,01:50:00,09:46:00,110.0,586.0,110.0,on_time,Sunday,True,6,21:11:00,06:03:00,1271,363,279.0,4.65,908,15.133333333333333,normal_after_sunset,low_activity,29,1,0.0,0,63.32258064516129,0.0,7.0,9.9,comfortable,3.0,19,7.642670000000002,0,46.0,3926.0,71.27551020408163,0.1875,0.0625,18.75,1,2.896551724137931,30.4,32.0,optimal,69.0,86.0,84.0
2025-05-03,82.0,59.0,64.0,13.0,37.0,56.0,89.0,33.0,448.0,11:20 PM,6:52 AM,11128,4192,82.4,142,0.0,74.13,267,,,12.7,9.0,17.0,06:05,21:10,82,65.7,42,28,14.9,4,1015.5,1012.6,1010.5,0.0,False,False,False,False,False,False,False,False,False,False,False,False,False,False,True,False,False,False,False,False,False,False,False,False,False,False,False,False,False,23:20:00,06:52:00,1400.0,412.0,-40.0,on_time,Saturday,True,5,21:10:00,06:05:00,1270,365,130.0,2.1666666666666665,905,15.083333333333334,early_after_sunset,moderate_activity,267,1,74.13,1,188.61016949152543,-0.09999999999999432,8.0,7.300000000000001,comfortable,5.0,24,17.86001,0,82.0,11128.0,78.72448979591837,0.125,0.19866071428571427,12.5,0,0.6222222222222222,49.0,32.0,optimal,84.0,46.0,22.0
2025-05-02,44.0,63.0,28.0,14.0,36.0,35.0,22.0,41.0,392.0,1:51 AM,8:42 AM,7531,3462,82.4,163,0.0,0.0,146,,,17.9,12.0,24.0,06:07,21:08,100,67.2,38,22,9.5,0,1015.5,1014.4,1013.5,0.0,False,False,False,False,False,False,False,False,False,False,False,False,False,False,False,False,False,False,False,False,False,False,False,False,False,False,False,False,False,01:51:00,08:42:00,111.0,522.0,111.0,on_time,Friday,False,4,21:08:00,06:07:00,1268,367,283.0,4.716666666666667,901,15.016666666666667,normal_after_sunset,moderate_activity,146,1,0.0,0,119.53968253968254,0.0,12.0,2.1000000000000014,comfortable,2.0,22,12.916639999999997,0,44.0,7531.0,72.27551020408163,0.08928571428571429,0.05612244897959184,8.928571428571429,0,1.5217391304347827,33.1,88.0,undersleep,56.0,82.0,64.0
2025-05-01,75.0,59.0,61.0,12.0,40.0,54.0,48.0,39.0,423.0,11:04 PM,6:35 AM,12741,3950,82.3,149,5.67,29.52,231,,,19.5,11.0,27.0,06:09,21:06,100,63.1,30,19,7.8,0,1021.5,1018.3,1015.5,0.0,False,False,False,False,True,False,False,False,False,False,False,False,False,False,False,False,True,False,True,False,False,False,False,False,False,False,False,False,False,23:04:00,06:35:00,1384.0,395.0,-56.0,on_time,Thursday,False,3,21:06:00,06:09:00,1266,369,118.0,1.9666666666666666,897,14.95,early_after_sunset,moderate_activity,231,1,35.19,1,215.94915254237287,-0.10000000000000853,16.0,0.5,comfortable,6.0,19,26.983125,0,75.0,12741.0,94.72448979591837,0.1276595744680851,0.11347517730496454,12.76595744680851,0,1.1020408163265305,48.7,57.0,optimal,35.0,44.0,28.0
2025-04-30,80.0,59.0,57.0,13.0,38.0,59.0,77.0,44.0,492.0,11:23 PM,7:47 AM,6440,3189,82.3,175,0.0,24.07,129,,,17.7,11.0,24.0,06:11,21:05,94,68.1,41,15,8.5,6,1025.5,1023.5,1021.5,0.0,False,False,False,False,False,False,False,False,False,False,False,False,False,False,False,False,False,False,False,False,False,False,False,False,False,False,False,False,False,23:23:00,07:47:00,1403.0,467.0,-37.0,on_time,Wednesday,False,2,21:05:00,06:11:00,1265,371,138.0,2.3,894,14.9,early_after_sunset,moderate_activity,129,1,24.07,1,109.15254237288136,0.0,13.0,2.3000000000000007,comfortable,4.0,9,22.585200000000004,0,80.0,6440.0,75.72448979591837,0.11991869918699187,0.1565040650406504,11.991869918699187,0,0.7564102564102564,46.5,-12.0,optimal,54.0,75.0,61.0
2025-04-29,83.0,56.0,56.0,13.0,39.0,34.0,93.0,56.0,482.0,10:52 PM,7:05 AM,16306,3896,81.6,188,10.01,6.82,174,,,15.2,8.0,21.0,06:13,21:03,100,68.8,40,17,8.8,2,1028.5,1027.0,1025.5,0.0,False,False,False,False,False,False,False,False,False,False,False,False,True,False,False,False,False,False,False,False,False,False,False,False,False,False,False,False,False,22:52:00,07:05:00,1372.0,425.0,-68.0,early,Tuesday,False,1,21:03:00,06:13:00,1263,373,109.0,1.8166666666666667,890,14.833333333333334,early_after_sunset,high_activity,174,1,16.83,1,291.17857142857144,-0.7000000000000028,13.0,4.800000000000001,comfortable,3.0,15,19.680960000000002,0,83.0,16306.0,106.72448979591837,0.07053941908713693,0.19294605809128632,7.053941908713693,0,0.3617021276595745,47.3,-2.0,optimal,59.0,80.0,57.0
2025-04-28,85.0,57.0,85.0,13.0,38.0,54.0,240.0,65.0,843.0,9:04 PM,11:17 AM,3201,2972,81.0,137,0.0,22.49,80,,,14.4,7.0,21.0,06:15,21:01,100,63.8,35,19,6.8,0,1028.5,1027.1,1026.5,0.0,False,False,False,False,False,False,True,False,True,False,False,False,False,False,False,False,False,False,False,False,False,False,False,False,False,False,False,False,False,21:04:00,11:17:00,1264.0,677.0,-176.0,early,Monday,False,0,21:01:00,06:15:00,1261,375,3.0,0.05,886,14.766666666666667,early_after_sunset,low_activity,80,1,22.49,1,56.1578947368421,-0.5999999999999943,14.0,5.6,comfortable,2.0,19,22.1544,0,85.0,3201.0,214.72448979591837,0.06405693950177936,0.2846975088967972,6.405693950177936,0,0.22406639004149378,58.3,-363.0,oversleep,34.0,83.0,56.0
2025-04-27,73.0,58.0,51.0,13.0,34.0,67.0,85.0,46.0,481.0,--,--,26573,4699,81.3,154,0.0,12.5,150,,,14.1,8.0,20.0,06:17,20:59,100,65.9,40,11,6.8,2,1027.5,1025.0,1023.5,0.0,False,False,False,False,False,False,False,False,False,True,False,False,False,False,False,False,False,False,False,False,False,False,False,False,False,False,False,False,False,,,,,,on_time,Sunday,True,6,20:59:00,06:17:00,1259,377,,,882,14.7,normal_after_sunset,high_activity,150,1,12.5,1,458.1551724137931,0.29999999999999716,12.0,5.9,comfortable,4.0,9,17.549564999999998,0,73.0,26573.0,,0.1392931392931393,0.17671517671517672,13.92931392931393,0,0.7790697674418605,43.2,-1.0,optimal,54.0,85.0,85.0
2025-04-26,82.0,60.0,54.0,12.0,38.0,80.0,113.0,45.0,516.0,12:22 AM,9:14 AM,11464,3867,81.7,142,0.0,12.12,68,,,11.8,6.0,17.0,06:19,20:58,100,78.6,48,17,11.7,4,1023.5,1023.2,1022.5,2.1,False,False,False,False,False,False,False,False,False,False,False,False,False,False,False,False,False,False,False,False,False,False,False,False,False,False,False,False,False,00:22:00,09:14:00,22.0,554.0,22.0,on_time,Saturday,True,5,20:58:00,06:19:00,1258,379,204.0,3.4,879,14.65,normal_after_sunset,moderate_activity,68,1,12.12,1,191.06666666666666,0.4000000000000057,11.0,8.2,comfortable,1.0,13,10.353320000000005,0,82.0,11464.0,16.724489795918366,0.15503875968992248,0.2189922480620155,15.503875968992247,1,0.7017543859649122,45.0,-36.0,optimal,67.0,73.0,51.0
2025-04-25,78.0,58.0,63.0,12.0,36.0,75.0,74.0,37.0,409.0,11:14 PM,6:11 AM,11316,4109,82.0,167,8.01,9.68,238,,,10.4,8.0,13.0,06:21,20:56,93,79.4,63,17,12.6,6,1023.5,1022.8,1021.5,1.3,False,False,False,False,False,False,False,False,False,False,False,False,False,False,False,False,False,False,False,False,False,False,False,False,False,False,False,False,False,23:14:00,06:11:00,1394.0,371.0,-46.0,on_time,Friday,False,4,20:56:00,06:21:00,1256,381,138.0,2.3,875,14.583333333333334,early_after_sunset,moderate_activity,238,1,17.689999999999998,1,195.10344827586206,0.29999999999999716,5.0,9.6,comfortable,2.0,11,8.35536,0,78.0,11316.0,84.72448979591837,0.18337408312958436,0.18092909535452323,18.337408312958438,1,1.0,48.6,71.0,undersleep,80.0,82.0,54.0
2025-04-24,55.0,61.0,31.0,13.0,35.0,23.0,41.0,50.0,432.0,12:05 AM,7:38 AM,7468,2688,83.0,110,0.0,0.0,0,,,11.1,10.0,13.0,06:23,20:54,100,91.9,82,24,15.8,11,1021.5,1018.2,1015.5,2.5,False,False,False,False,False,False,False,False,False,False,False,False,False,False,False,False,False,False,False,False,False,True,False,False,False,False,False,False,False,00:05:00,07:38:00,5.0,458.0,5.0,on_time,Thursday,False,3,20:54:00,06:23:00,1254,383,191.0,3.183333333333333,871,14.516666666666667,early_after_sunset,moderate_activity,0,0,0.0,0,122.42622950819673,1.0,3.0,8.9,humid,6.0,13,2.4725249999999983,0,0.0,5974.400000000001,33.724489795918366,0.05324074074074074,0.09490740740740741,5.324074074074074,0,0.5476190476190477,34.599999999999994,48.0,optimal,75.0,78.0,63.0
2025-04-23,79.0,61.0,57.0,12.0,35.0,80.0,95.0,64.0,617.0,10:37 PM,9:51 AM,9824,3174,83.0,169,5.01,0.0,59,,,11.9,7.0,15.0,06:25,20:53,100,83.7,63,15,9.0,2,1018.5,1015.0,1013.5,5.5,False,False,False,False,False,False,False,False,False,False,False,False,False,False,False,False,False,False,False,False,False,False,False,False,False,False,False,False,True,22:37:00,09:51:00,1357.0,591.0,-83.0,early,Wednesday,False,2,20:53:00,06:25:00,1253,385,104.0,1.7333333333333334,868,14.466666666666667,early_after_sunset,moderate_activity,59,1,5.01,1,161.04918032786884,0.0,8.0,8.1,humid,5.0,13,7.661814999999995,0,79.0,7859.200000000001,121.72448979591837,0.12965964343598055,0.1539708265802269,12.965964343598054,0,0.8333333333333334,45.0,-137.0,oversleep,23.0,55.0,31.0
2025-04-22,74.0,56.0,52.0,14.0,34.0,49.0,98.0,61.0,739.0,9:00 PM,10:01 AM,7879,3097,83.0,130,0.0,6.07,32,,,11.6,8.0,15.0,06:27,20:51,100,84.5,63,22,13.4,2,1018.5,1016.4,1013.5,0.0,False,False,False,False,False,False,False,False,False,False,False,False,False,False,False,False,False,False,False,False,False,False,False,False,False,False,False,False,False,21:00:00,10:01:00,1260.0,601.0,-180.0,early,Tuesday,False,1,20:51:00,06:27:00,1251,387,9.0,0.15,864,14.4,early_after_sunset,moderate_activity,32,1,6.07,1,140.69642857142858,0.0,7.0,8.4,humid,5.0,20,6.6526000000000005,0,74.0,6303.200000000001,218.72448979591837,0.06630581867388363,0.13261163734776726,6.630581867388363,0,0.494949494949495,44.2,-259.0,oversleep,80.0,79.0,57.0
2025-04-21,77.0,56.0,77.0,13.0,32.0,50.0,172.0,52.0,612.0,12:32 AM,11:23 AM,5234,2756,83.0,137,0.0,0.0,32,,,11.4,9.0,14.0,06:29,20:49,100,90.4,77,15,7.2,4,1013.5,1009.6,1007.5,1.0,False,False,False,False,False,False,False,False,False,False,False,False,False,False,False,False,False,False,False,False,False,False,False,False,False,False,False,False,False,00:32:00,11:23:00,32.0,683.0,32.0,on_time,Monday,False,0,20:49:00,06:29:00,1249,389,223.0,3.716666666666667,860,14.333333333333334,normal_after_sunset,moderate_activity,32,1,0.0,0,93.46428571428571,0.0,5.0,8.6,humid,6.0,11,4.213439999999999,0,77.0,4187.2,6.724489795918366,0.08169934640522876,0.28104575163398693,8.169934640522875,0,0.28901734104046245,53.599999999999994,-132.0,oversleep,49.0,74.0,52.0
2025-04-20,73.0,58.0,51.0,13.0,34.0,67.0,85.0,46.0,481.0,--,--,9304,4100,83.0,162,0.0,3.64,96,,,9.7,3.0,15.0,06:31,20:47,93,77.5,59,19,11.0,4,1008.5,1007.7,1007.5,2.2,False,False,False,False,False,False,False,False,False,False,False,False,False,False,False,False,False,False,False,False,False,False,False,False,False,False,False,False,False,,,,,,on_time,Sunday,True,6,20:47:00,06:31:00,1247,391,,,856,14.266666666666667,normal_after_sunset,moderate_activity,96,1,3.64,1,160.41379310344828,0.0,12.0,10.3,cold,1.0,15,7.966125,0,73.0,7443.200000000001,,0.1392931392931393,0.17671517671517672,13.92931392931393,0,0.7790697674418605,43.2,-1.0,optimal,50.0,77.0,77.0
2025-04-19,39.0,63.0,26.0,13.0,31.0,42.0,0.0,38.0,358.0,2:10 AM,8:28 AM,45992,6087,84.0,143,0.0,4.01,145,,,9.5,5.0,14.0,06:33,20:46,93,73.0,54,20,14.2,6,1013.5,1010.8,1008.5,0.0,False,False,False,False,False,False,False,False,False,False,True,True,False,False,False,False,False,False,False,False,False,False,False,False,False,False,False,False,False,02:10:00,08:28:00,130.0,508.0,130.0,on_time,Saturday,True,5,20:46:00,06:33:00,1246,393,324.0,5.4,853,14.216666666666667,normal_after_sunset,high_activity,145,1,4.01,1,730.031746031746,1.0,9.0,10.5,cold,5.0,14,5.00175,0,39.0,36793.6,91.27551020408163,0.11731843575418995,0.0,11.731843575418994,0,42.0,30.799999999999997,122.0,undersleep,67.0,73.0,51.0
2025-04-18,86.0,58.0,55.0,13.0,32.0,93.0,99.0,54.0,486.0,1:33 AM,9:39 AM,7544,3398,84.0,146,0.0,9.48,148,,,10.4,7.0,16.0,06:36,20:44,93,74.1,45,19,9.4,4,1016.5,1014.5,1013.5,0.0,False,False,False,False,False,False,False,False,False,False,False,True,False,False,False,False,False,False,False,False,False,False,False,False,False,False,False,False,False,01:33:00,09:39:00,93.0,579.0,93.0,on_time,Friday,False,4,20:44:00,06:36:00,1244,396,289.0,4.816666666666666,848,14.133333333333333,normal_after_sunset,moderate_activity,148,1,9.48,1,130.06896551724137,0.0,9.0,9.6,comfortable,3.0,15,11.58248,0,86.0,7544.0,54.275510204081634,0.19135802469135801,0.2037037037037037,19.1358024691358,1,0.93,44.2,-6.0,optimal,42.0,39.0,26.0
2025-04-17,87.0,58.0,51.0,13.0,32.0,79.0,120.0,45.0,515.0,11:46 PM,8:22 AM,13531,3179,84.0,158,6.49,0.0,104,,,10.5,8.0,13.0,06:38,20:42,87,71.8,54,15,8.8,2,1014.5,1012.9,1011.5,0.0,False,False,False,False,False,False,False,False,False,False,False,True,False,False,False,False,False,False,False,False,False,False,False,False,False,False,False,False,False,23:46:00,08:22:00,1426.0,502.0,-14.0,on_time,Thursday,False,3,20:42:00,06:38:00,1242,398,184.0,3.066666666666667,844,14.066666666666666,early_after_sunset,moderate_activity,104,1,6.49,1,233.29310344827587,0.0,5.0,9.5,comfortable,3.0,13,12.880350000000002,0,87.0,13531.0,52.724489795918366,0.1533980582524272,0.23300970873786409,15.339805825242719,1,0.6528925619834711,42.6,-35.0,optimal,93.0,86.0,55.0
2025-04-16,81.0,57.0,62.0,13.0,32.0,59.0,80.0,51.0,482.0,1:06 AM,9:16 AM,8701,4380,83.0,144,0.0,54.09,288,,,10.8,9.0,12.0,06:40,20:40,100,76.7,62,20,11.4,2,1012.5,1007.3,1000.5,0.0,False,False,False,False,False,False,False,False,False,False,False,False,False,False,True,True,False,False,False,False,False,False,False,False,False,False,False,False,False,01:06:00,09:16:00,66.0,556.0,66.0,on_time,Wednesday,False,2,20:40:00,06:40:00,1240,400,266.0,4.433333333333334,840,14.0,normal_after_sunset,moderate_activity,288,1,54.09,1,152.64912280701753,-1.0,3.0,9.2,comfortable,12.0,18,10.191419999999999,0,81.0,8701.0,27.275510204081634,0.12240663900414937,0.16597510373443983,12.240663900414937,0,0.7283950617283951,47.3,-2.0,optimal,79.0,87.0,51.0
2025-04-15,60.0,63.0,41.0,14.0,32.0,81.0,89.0,42.0,534.0,12:59 AM,10:04 AM,6371,2741,83.0,134,0.0,4.01,34,,,14.5,10.0,21.0,06:42,20:39,100,73.5,56,33,17.2,4,1003.5,998.9,996.5,1.5,False,False,False,False,False,False,False,False,False,False,False,False,False,False,False,False,False,False,False,False,False,False,False,False,False,False,True,True,False,00:59:00,10:04:00,59.0,604.0,59.0,on_time,Tuesday,False,1,20:39:00,06:42:00,1239,402,260.0,4.333333333333333,837,13.95,normal_after_sunset,moderate_activity,34,1,4.01,1,101.12698412698413,0.0,11.0,5.5,comfortable,7.0,29,11.5275,0,60.0,6371.0,20.275510204081634,0.15168539325842698,0.16666666666666666,15.168539325842698,1,0.9,37.1,-54.0,optimal,59.0,81.0,62.0
2025-04-14,44.0,62.0,36.0,13.0,32.0,80.0,21.0,49.0,391.0,12:45 AM,7:17 AM,15754,3804,82.5,156,7.98,12.29,138,,,12.6,9.0,16.0,06:44,20:37,94,70.1,48,20,14.7,7,1009.5,1007.5,1003.5,0.0,False,False,False,False,False,False,False,False,False,False,False,False,False,False,False,False,False,False,False,False,False,False,False,False,False,False,False,False,False,00:45:00,07:17:00,45.0,437.0,45.0,on_time,Monday,False,0,20:37:00,06:44:00,1237,404,248.0,4.133333333333334,833,13.883333333333333,normal_after_sunset,moderate_activity,138,1,20.27,1,254.09677419354838,-0.5,7.0,7.4,comfortable,6.0,13,8.28828,0,44.0,15754.0,6.275510204081634,0.20460358056265984,0.05370843989769821,20.460358056265985,0,3.6363636363636362,35.4,89.0,undersleep,81.0,60.0,41.0
2025-04-13,60.0,63.0,38.0,13.0,33.0,56.0,39.0,46.0,443.0,3:08 AM,10:47 AM,11154,2779,82.0,119,0.0,0.0,24,,,13.9,11.0,17.0,06:47,20:35,94,72.5,48,33,22.3,17,1007.5,1000.2,998.5,0.0,False,False,False,False,False,False,False,False,False,False,False,False,False,False,False,False,False,False,False,False,False,False,False,False,False,False,False,False,False,03:08:00,10:47:00,188.0,647.0,188.0,late,Sunday,True,6,20:35:00,06:47:00,1235,407,393.0,6.55,828,13.8,late_after_sunset,moderate_activity,24,1,0.0,0,177.04761904761904,-0.5,6.0,6.1,comfortable,9.0,16,11.467500000000001,1,60.0,11154.0,149.27551020408163,0.12641083521444696,0.08803611738148984,12.641083521444695,0,1.4,36.2,37.0,optimal,80.0,44.0,36.0
2025-04-12,72.0,60.0,46.0,13.0,34.0,39.0,48.0,43.0,408.0,1:08 AM,8:21 AM,11587,3238,82.0,174,3.01,0.0,40,,,15.0,6.0,23.0,06:49,20:33,100,63.0,33,26,14.8,0,1018.5,1010.4,1001.5,3.8,False,False,False,False,False,False,False,False,False,False,False,False,False,False,False,False,False,False,False,False,False,False,False,False,False,False,False,False,False,01:08:00,08:21:00,68.0,501.0,68.0,on_time,Saturday,True,5,20:33:00,06:49:00,1233,409,275.0,4.583333333333333,824,13.733333333333333,normal_after_sunset,moderate_activity,40,1,3.01,1,193.11666666666667,0.0,17.0,5.0,comfortable,17.0,26,19.98,0,72.0,11587.0,29.275510204081634,0.09558823529411764,0.11764705882352941,9.558823529411764,0,0.7959183673469388,40.6,72.0,undersleep,56.0,60.0,38.0
2025-04-11,87.0,59.0,56.0,13.0,34.0,84.0,120.0,56.0,534.0,11:04 PM,8:10 AM,9012,3586,82.0,152,0.0,8.12,155,,,9.9,3.0,16.0,06:51,20:32,100,80.1,59,22,11.7,4,1026.5,1022.2,1018.5,0.0,False,False,False,False,False,False,False,False,False,False,False,False,False,False,False,False,False,False,False,False,False,False,False,False,False,False,False,False,False,23:04:00,08:10:00,1384.0,490.0,-56.0,on_time,Friday,False,4,20:32:00,06:51:00,1232,411,152.0,2.533333333333333,821,13.683333333333334,early_after_sunset,moderate_activity,155,1,8.12,1,152.74576271186442,0.0,13.0,10.1,cold,8.0,18,8.569935000000003,0,87.0,7209.6,94.72448979591837,0.15730337078651685,0.2247191011235955,15.730337078651685,1,0.6942148760330579,44.9,-54.0,optimal,39.0,72.0,46.0
2025-04-10,84.0,59.0,52.0,13.0,34.0,69.0,88.0,40.0,484.0,11:57 PM,8:04 AM,12419,4187,82.0,164,5.03,24.25,240,,,9.1,4.0,13.0,06:53,20:30,93,75.3,63,26,15.7,7,1029.5,1027.4,1025.5,0.0,False,False,False,False,False,False,False,False,False,False,False,False,False,False,False,False,False,False,False,False,False,False,False,False,False,False,False,False,False,23:57:00,08:04:00,1437.0,484.0,-3.0,on_time,Thursday,False,3,20:30:00,06:53:00,1230,413,207.0,3.45,817,13.616666666666667,normal_after_sunset,moderate_activity,240,1,29.28,1,210.4915254237288,0.0,9.0,10.9,cold,4.0,19,9.440339999999999,0,84.0,9935.2,41.724489795918366,0.14256198347107438,0.18181818181818182,14.256198347107437,0,0.7752808988764045,43.3,-4.0,optimal,84.0,87.0,56.0
2025-04-09,81.0,58.0,52.0,12.0,34.0,46.0,85.0,33.0,460.0,12:06 AM,8:01 AM,9648,3517,81.0,141,0.0,15.18,130,,,8.0,5.0,11.0,06:56,20:28,87,74.8,62,26,15.7,7,1029.5,1027.4,1025.5,0.0,False,False,False,False,False,False,False,False,False,False,False,False,False,False,False,False,False,False,False,False,False,False,False,False,False,False,False,False,False,00:06:00,08:01:00,6.0,481.0,6.0,on_time,Wednesday,False,2,20:28:00,06:56:00,1228,416,218.0,3.6333333333333333,812,13.533333333333333,normal_after_sunset,moderate_activity,130,1,15.18,1,166.3448275862069,-1.0,6.0,12.0,cold,4.0,19,8.1648,0,81.0,7718.400000000001,32.724489795918366,0.1,0.18478260869565216,10.0,0,0.5348837209302325,43.6,20.0,optimal,69.0,84.0,52.0
2025-04-08,79.0,57.0,45.0,13.0,34.0,66.0,92.0,42.0,452.0,12:06 AM,8:01 AM,9640,3644,82.0,138,0.0,19.45,144,,,8.7,4.0,14.0,06:58,20:27,87,63.8,41,20,14.5,6,1029.5,1027.9,1026.5,0.0,False,False,False,False,False,False,False,False,False,False,False,False,False,False,False,False,False,False,False,False,False,False,False,False,False,False,False,False,False,00:06:00,08:01:00,6.0,481.0,6.0,on_time,Tuesday,False,1,20:27:00,06:58:00,1227,418,219.0,3.65,809,13.483333333333333,normal_after_sunset,moderate_activity,144,1,19.45,1,169.12280701754386,1.0,10.0,11.3,cold,3.0,14,12.440129999999998,0,79.0,7712.0,32.724489795918366,0.14601769911504425,0.20353982300884957,14.601769911504425,0,0.7096774193548387,41.1,28.0,optimal,46.0,81.0,52.0
2025-04-07,87.0,56.0,58.0,13.0,37.0,55.0,130.0,48.0,487.0,11:47 PM,8:01 AM,16891,3450,82.2,149,5.05,0.0,90,,,8.0,2.0,13.0,07:00,20:25,81,58.5,38,22,13.2,4,1027.5,1026.9,1026.5,0.0,False,False,False,False,False,False,False,False,False,False,False,False,False,False,False,False,False,False,False,False,False,False,False,False,False,False,False,False,False,23:47:00,08:01:00,1427.0,481.0,-13.0,on_time,Monday,False,0,20:25:00,07:00:00,1225,420,202.0,3.3666666666666667,805,13.416666666666666,early_after_sunset,high_activity,90,1,5.05,1,301.625,0.20000000000000284,11.0,12.0,cold,1.0,18,14.442000000000004,0,87.0,13512.800000000001,51.724489795918366,0.11293634496919917,0.2669404517453799,11.293634496919918,0,0.4198473282442748,47.5,-7.0,optimal,66.0,79.0,45.0
2025-04-06,86.0,58.0,61.0,12.0,35.0,67.0,102.0,47.0,510.0,11:52 PM,8:30 AM,11351,2831,82.4,117,0.0,0.0,46,,,8.3,4.0,12.0,07:03,20:23,71,48.3,33,26,22.0,13,1027.5,1025.3,1022.5,0.0,False,False,False,False,False,False,False,False,False,False,False,False,False,False,False,False,False,False,False,False,False,False,False,False,False,False,False,False,False,23:52:00,08:30:00,1432.0,510.0,-8.0,on_time,Sunday,True,6,20:23:00,07:03:00,1223,423,209.0,3.4833333333333334,800,13.333333333333334,normal_after_sunset,moderate_activity,46,1,0.0,0,195.70689655172413,0.20000000000000284,8.0,11.7,cold,5.0,13,18.45173,0,86.0,9080.800000000001,46.724489795918366,0.13137254901960785,0.2,13.137254901960786,0,0.6504854368932039,47.50000000000001,-30.0,optimal,55.0,87.0,58.0
2025-04-05,73.0,59.0,48.0,13.0,35.0,65.0,56.0,65.0,464.0,12:33 AM,8:51 AM,11752,2857,82.6,127,0.0,0.0,65,,,10.4,7.0,15.0,07:05,20:21,100,64.8,39,31,23.0,11,1022.5,1020.5,1019.5,0.0,False,False,False,False,False,False,False,False,False,False,False,False,False,False,False,False,False,False,False,False,False,False,False,False,False,False,False,False,False,00:33:00,08:51:00,33.0,531.0,33.0,on_time,Saturday,True,5,20:21:00,07:05:00,1221,425,252.0,4.2,796,13.266666666666667,normal_after_sunset,moderate_activity,65,1,0.0,0,199.1864406779661,0.19999999999998863,8.0,9.6,comfortable,3.0,20,13.36192,0,73.0,11752.0,5.724489795918366,0.1400862068965517,0.1206896551724138,14.00862068965517,0,1.1403508771929824,42.0,16.0,optimal,67.0,86.0,61.0
2025-04-04,83.0,58.0,50.0,12.0,34.0,63.0,178.0,40.0,560.0,11:55 PM,9:31 AM,13598,3797,82.8,155,5.03,15.85,185,,,14.1,6.0,20.0,07:07,20:20,81,56.0,37,26,15.9,4,1022.5,1020.8,1018.5,0.0,False,False,False,False,False,False,False,False,False,False,False,False,False,False,False,False,False,False,False,False,False,False,False,False,False,False,False,False,False,23:55:00,09:31:00,1435.0,571.0,-5.0,on_time,Friday,False,4,20:20:00,07:07:00,1220,427,215.0,3.5833333333333335,793,13.216666666666667,normal_after_sunset,moderate_activity,185,1,20.88,1,234.44827586206895,0.20000000000000284,14.0,5.9,comfortable,4.0,22,25.746599999999994,0,83.0,13598.0,43.724489795918366,0.1125,0.31785714285714284,11.25,0,0.35195530726256985,42.8,-80.0,oversleep,65.0,73.0,48.0
2025-04-03,82.0,59.0,49.0,13.0,32.0,52.0,117.0,46.0,541.0,11:53 PM,9:00 AM,10327,3825,82.8,146,0.0,12.21,197,,,14.5,9.0,20.0,07:09,20:18,71,52.1,33,30,19.7,11,1024.5,1022.9,1021.5,0.0,False,False,False,False,False,False,False,False,False,False,False,False,False,False,False,False,False,False,False,False,False,False,False,False,False,False,False,False,False,23:53:00,09:00:00,1433.0,540.0,-7.0,on_time,Thursday,False,3,20:18:00,07:09:00,1218,429,215.0,3.5833333333333335,789,13.15,normal_after_sunset,moderate_activity,197,1,12.21,1,175.03389830508473,0.0,11.0,5.5,comfortable,3.0,19,28.476549999999996,0,82.0,10327.0,45.724489795918366,0.09611829944547134,0.21626617375231053,9.611829944547134,0,0.4406779661016949,41.5,-61.0,oversleep,63.0,83.0,50.0
2025-04-02,88.0,55.0,61.0,12.0,31.0,104.0,174.0,46.0,579.0,11:19 PM,9:14 AM,10498,3654,82.9,140,0.0,18.45,142,,,11.6,6.0,17.0,07:12,20:16,76,58.7,39,33,22.4,13,1027.5,1024.7,1021.5,0.0,False,False,False,False,False,False,False,False,False,False,False,False,False,False,False,False,False,False,False,False,False,False,False,False,False,False,False,False,False,23:19:00,09:14:00,1399.0,554.0,-41.0,on_time,Wednesday,False,2,20:16:00,07:12:00,1216,432,183.0,3.05,784,13.066666666666666,early_after_sunset,moderate_activity,142,1,18.45,1,190.87272727272727,0.10000000000000853,11.0,8.4,comfortable,6.0,20,21.079519999999995,0,88.0,10498.0,79.72448979591837,0.17962003454231434,0.3005181347150259,17.962003454231436,1,0.5942857142857143,47.2,-99.0,oversleep,52.0,82.0,49.0
2025-04-01,94.0,55.0,59.0,13.0,30.0,78.0,139.0,55.0,523.0,12:01 AM,9:01 AM,9430,3241,82.9,130,0.0,12.4,104,,,8.7,4.0,14.0,07:14,20:14,100,71.3,38,28,17.3,7,1030.5,1028.5,1026.5,0.0,False,False,False,False,False,False,False,False,False,False,False,False,False,False,False,False,False,False,False,False,False,False,False,False,False,False,False,False,False,00:01:00,09:01:00,1.0,541.0,1.0,on_time,Tuesday,False,1,20:14:00,07:14:00,1214,434,227.0,3.783333333333333,780,13.0,normal_after_sunset,moderate_activity,104,1,12.4,1,171.45454545454547,0.0,10.0,11.3,cold,4.0,21,11.73543,0,94.0,7544.0,37.724489795918366,0.1491395793499044,0.26577437858508607,14.91395793499044,0,0.5571428571428572,46.1,-43.0,optimal,104.0,88.0,61.0
2025-03-31,66.0,58.0,54.0,13.0,29.0,94.0,119.0,53.0,558.0,12:58 AM,10:16 AM,9902,2849,82.9,141,0.0,8.02,42,,,8.5,5.0,12.0,07:16,20:13,87,72.3,51,22,16.2,9,1030.5,1027.1,1022.5,0.0,False,False,False,False,True,False,False,False,False,False,False,False,False,False,False,False,False,False,False,False,False,False,False,False,False,False,False,False,False,00:58:00,10:16:00,58.0,616.0,58.0,on_time,Monday,False,0,20:13:00,07:16:00,1213,436,285.0,4.75,777,12.95,normal_after_sunset,moderate_activity,42,1,8.02,1,170.72413793103448,0.0,7.0,11.5,cold,8.0,13,7.769850000000002,0,66.0,7921.6,19.275510204081634,0.16845878136200718,0.2132616487455197,16.845878136200717,1,0.7833333333333333,42.9,-78.0,oversleep,78.0,94.0,59.0
2025-03-30,78.0,63.0,67.0,13.0,30.0,32.0,115.0,63.0,597.0,2:13 AM,12:11 PM,10304,4038,82.9,137,0.0,0.0,129,,,8.0,8.0,8.0,07:19,20:11,81,74.8,71,31,30.0,28,1016.5,1016.0,1015.5,0.0,False,False,False,False,False,False,False,False,False,False,False,False,False,False,False,False,False,False,False,False,False,False,False,True,True,False,False,False,False,02:13:00,12:11:00,133.0,731.0,133.0,on_time,Sunday,True,6,20:11:00,07:19:00,1211,439,362.0,6.033333333333333,772,12.866666666666667,late_after_sunset,moderate_activity,129,1,0.0,0,163.55555555555554,0.0,0.0,12.0,cold,1.0,3,7.862400000000001,0,78.0,8243.2,94.27551020408163,0.05360134003350084,0.19262981574539365,5.360134003350084,0,0.27586206896551724,46.9,-117.0,oversleep,94.0,66.0,54.0
2025-03-29,25.0,63.0,8.0,13.0,29.0,22.0,0.0,28.0,186.0,4:53 AM,7:59 AM,23964,3605,83.0,130,0.0,0.0,3,,,6.8,1.0,11.0,06:21,19:09,100,82.3,66,26,14.1,2,1021.5,1018.9,1014.5,0.0,True,False,True,False,True,False,False,False,True,True,False,False,False,False,False,False,False,False,False,False,False,False,False,False,False,False,False,False,False,04:53:00,07:59:00,293.0,479.0,293.0,late,Saturday,True,5,19:09:00,06:21:00,1149,381,584.0,9.733333333333333,768,12.8,late_after_sunset,high_activity,3,1,0.0,0,380.3809523809524,0.09999999999999432,10.0,13.2,cold,7.0,24,1.5045000000000006,1,25.0,19171.2,254.27551020408163,0.11827956989247312,0.0,11.827956989247312,0,22.0,23.0,294.0,undersleep,32.0,78.0,67.0
2025-03-28,48.0,63.0,35.0,13.0,31.0,64.0,41.0,54.0,462.0,1:03 AM,8:59 AM,16839,3855,83.0,159,2.02,0.0,78,,,7.3,3.0,11.0,06:23,19:07,100,88.5,71,28,14.8,6,1015.5,1012.5,1010.5,0.0,False,False,False,False,False,False,False,False,False,False,False,False,False,False,False,False,False,False,False,False,False,False,False,False,False,False,False,False,False,01:03:00,08:59:00,63.0,539.0,63.0,on_time,Friday,False,4,19:07:00,06:23:00,1147,383,356.0,5.933333333333334,764,12.733333333333333,late_after_sunset,high_activity,78,1,2.02,1,267.2857142857143,0.0,8.0,12.7,cold,5.0,22,2.0147999999999997,0,48.0,13471.2,24.275510204081634,0.13852813852813853,0.08874458874458875,13.852813852813853,0,1.5238095238095237,34.4,18.0,optimal,22.0,25.0,8.0
2025-03-27,42.0,57.0,25.0,13.0,31.0,85.0,19.0,33.0,323.0,2:06 AM,7:44 AM,8907,3162,83.0,118,0.0,0.0,14,,,8.0,1.0,15.0,06:26,19:06,100,78.6,51,13,7.8,0,1024.5,1021.0,1016.5,0.0,False,False,False,False,False,False,False,False,False,False,False,False,False,False,False,False,False,False,False,False,False,False,False,False,False,False,False,False,False,02:06:00,07:44:00,126.0,464.0,126.0,on_time,Thursday,False,3,19:06:00,06:26:00,1146,386,420.0,7.0,760,12.666666666666666,late_after_sunset,moderate_activity,14,1,0.0,0,156.26315789473685,0.0,14.0,12.0,cold,8.0,13,3.5952000000000015,0,42.0,7125.6,87.27551020408163,0.2631578947368421,0.058823529411764705,26.31578947368421,0,4.25,32.199999999999996,157.0,undersleep,64.0,48.0,35.0
2025-03-26,44.0,61.0,31.0,13.0,31.0,51.0,24.0,42.0,378.0,12:58 AM,7:39 AM,7703,3456,82.6,135,0.0,19.69,107,,,8.3,4.0,12.0,06:28,19:04,100,82.7,67,19,10.7,0,1025.5,1024.5,1022.5,0.0,False,False,False,False,False,False,False,False,False,False,False,False,False,False,False,False,False,False,False,False,False,False,False,False,False,False,False,False,False,00:58:00,07:39:00,58.0,459.0,58.0,on_time,Wednesday,False,2,19:04:00,06:28:00,1144,388,354.0,5.9,756,12.6,late_after_sunset,moderate_activity,107,1,19.69,1,126.27868852459017,-0.4000000000000057,8.0,11.7,cold,3.0,19,3.1589799999999992,0,44.0,6162.400000000001,19.275510204081634,0.1349206349206349,0.06349206349206349,13.492063492063492,0,2.04,33.4,102.0,undersleep,85.0,42.0,25.0
2025-03-25,70.0,58.0,44.0,12.0,33.0,59.0,43.0,42.0,399.0,1:42 AM,9:01 AM,11169,3434,82.2,159,3.0,15.0,128,,,8.1,5.0,11.0,06:30,19:02,100,84.1,71,22,14.8,9,1022.5,1020.6,1019.5,0.0,False,False,False,False,False,False,False,False,False,False,False,False,False,False,False,False,False,False,False,False,False,False,False,False,False,False,False,False,False,01:42:00,09:01:00,102.0,541.0,102.0,on_time,Tuesday,False,1,19:02:00,06:30:00,1142,390,400.0,6.666666666666667,752,12.533333333333333,late_after_sunset,moderate_activity,128,1,18.0,1,192.56896551724137,-0.3999999999999915,6.0,11.9,cold,3.0,13,4.507650000000001,0,70.0,8935.2,63.275510204081634,0.14786967418546365,0.10776942355889724,14.786967418546364,0,1.3409090909090908,40.1,81.0,undersleep,51.0,44.0,31.0
2025-03-24,89.0,54.0,87.0,13.0,33.0,98.0,122.0,70.0,688.0,9:55 PM,9:31 AM,7557,3210,82.0,139,0.0,20.07,128,,,8.7,6.0,13.0,06:33,19:00,100,86.2,67,22,13.7,6,1020.5,1015.2,1009.5,0.0,False,False,True,False,False,False,False,False,False,False,False,False,False,False,False,False,False,False,False,False,False,False,False,False,False,False,False,False,False,21:55:00,09:31:00,1315.0,571.0,-125.0,early,Monday,False,0,19:00:00,06:33:00,1140,393,175.0,2.9166666666666665,747,12.45,early_after_sunset,moderate_activity,128,1,20.07,1,139.94444444444446,-0.20000000000000284,7.0,11.3,cold,11.0,16,5.34267,0,89.0,6045.6,163.72448979591837,0.14244186046511628,0.17732558139534885,14.244186046511627,0,0.7967479674796748,58.5,-208.0,oversleep,59.0,70.0,44.0
2025-03-23,44.0,63.0,25.0,13.0,31.0,28.0,51.0,48.0,365.0,5:47 AM,12:36 PM,14119,3856,81.7,148,0.0,15.25,129,,,13.5,10.0,17.0,06:35,18:59,82,69.4,55,19,13.0,6,1009.5,1003.9,1000.5,0.0,False,False,False,False,False,False,False,False,False,False,False,False,False,False,False,False,False,False,False,False,False,False,False,False,False,False,False,False,False,05:47:00,12:36:00,347.0,756.0,347.0,late,Sunday,True,6,18:59:00,06:35:00,1139,395,648.0,10.8,744,12.4,late_after_sunset,moderate_activity,129,1,15.25,1,224.11111111111111,-0.29999999999999716,7.0,6.5,comfortable,9.0,13,9.088199999999999,1,44.0,14119.0,308.2755102040816,0.07671232876712329,0.13972602739726028,7.671232876712329,0,0.5384615384615384,30.4,115.0,undersleep,98.0,89.0,87.0
2025-03-22,73.0,60.0,63.0,13.0,33.0,85.0,38.0,56.0,416.0,1:45 AM,8:57 AM,7240,2798,82.3,120,0.0,0.0,0,,,15.2,13.0,18.0,06:38,18:57,67,52.1,45,26,18.7,13,1006.5,1003.8,1001.5,0.0,False,False,False,False,False,False,False,False,False,False,False,False,False,False,False,False,False,False,False,False,False,False,False,False,False,False,False,False,False,01:45:00,08:57:00,105.0,537.0,105.0,on_time,Saturday,True,5,18:57:00,06:38:00,1137,398,408.0,6.8,739,12.316666666666666,late_after_sunset,moderate_activity,0,0,0.0,0,120.66666666666667,0.5999999999999943,5.0,4.800000000000001,comfortable,5.0,13,26.574920000000002,0,0.0,7240.0,66.27551020408163,0.20432692307692307,0.09134615384615384,20.432692307692307,0,2.1794871794871793,47.1,64.0,undersleep,28.0,44.0,25.0
2025-03-21,42.0,63.0,27.0,13.0,32.0,43.0,7.0,47.0,413.0,1:23 AM,8:31 AM,9011,2895,82.3,123,0.0,0.0,7,,,14.3,6.0,21.0,06:40,18:55,81,56.5,35,31,19.7,7,1019.5,1013.0,1007.5,0.0,False,False,False,False,False,False,False,False,False,False,False,False,False,False,False,False,False,False,False,False,False,False,False,False,False,False,False,False,False,01:23:00,08:31:00,83.0,511.0,83.0,on_time,Friday,False,4,18:55:00,06:40:00,1135,400,388.0,6.466666666666667,735,12.25,late_after_sunset,moderate_activity,7,1,0.0,0,143.03174603174602,0.0,15.0,5.699999999999999,comfortable,12.0,24,13.063050000000004,0,42.0,9011.0,44.275510204081634,0.10411622276029056,0.01694915254237288,10.411622276029057,0,5.375,31.5,67.0,undersleep,85.0,73.0,63.0
2025-03-20,51.0,63.0,34.0,13.0,32.0,107.0,59.0,40.0,463.0,2:10 AM,10:16 AM,6381,3990,82.5,136,0.0,31.04,176,,,10.4,2.0,18.0,06:42,18:53,93,64.4,37,17,7.1,0,1022.5,1021.4,1019.5,0.0,False,False,False,False,False,False,False,False,False,False,False,False,False,False,False,False,False,False,False,False,False,False,False,False,False,False,False,False,False,02:10:00,10:16:00,130.0,616.0,130.0,on_time,Thursday,False,3,18:53:00,06:42:00,1133,402,437.0,7.283333333333333,731,12.183333333333334,late_after_sunset,moderate_activity,176,1,31.04,1,101.28571428571429,0.20000000000000284,16.0,9.6,comfortable,3.0,17,9.44112,0,51.0,6381.0,91.27551020408163,0.23110151187904968,0.12742980561555076,23.110151187904968,0,1.7833333333333334,34.300000000000004,17.0,optimal,43.0,42.0,27.0
2025-03-19,83.0,58.0,61.0,12.0,33.0,63.0,99.0,58.0,534.0,10:40 PM,7:41 AM,7365,2547,82.8,127,0.0,0.0,5,,,8.0,0.0,16.0,06:45,18:52,76,52.8,38,19,10.8,2,1025.5,1023.8,1022.5,0.0,False,False,False,False,False,False,False,False,False,False,False,False,False,False,False,False,False,False,False,False,False,False,False,False,False,False,False,False,False,22:40:00,07:41:00,1360.0,461.0,-80.0,early,Wednesday,False,2,18:52:00,06:45:00,1132,405,228.0,3.8,727,12.116666666666667,normal_after_sunset,moderate_activity,5,1,0.0,0,126.98275862068965,0.29999999999999716,16.0,12.0,cold,3.0,17,15.6704,0,83.0,5892.0,118.72448979591837,0.11797752808988764,0.1853932584269663,11.797752808988763,0,0.63,46.900000000000006,-54.0,optimal,107.0,51.0,34.0
2025-03-18,72.0,58.0,67.0,12.0,34.0,53.0,107.0,72.0,568.0,11:11 PM,9:31 AM,6214,3458,83.0,154,0.0,15.33,112,,,5.8,0.0,11.0,06:47,18:50,60,41.3,26,24,18.5,11,1030.5,1028.3,1025.5,0.0,False,False,False,False,False,False,False,False,False,False,False,False,False,False,False,False,False,False,False,False,True,False,False,False,False,False,False,False,False,23:11:00,09:31:00,1391.0,571.0,-49.0,on_time,Tuesday,False,1,18:50:00,06:47:00,1130,407,261.0,4.35,723,12.05,normal_after_sunset,moderate_activity,112,1,15.33,1,107.13793103448276,0.20000000000000284,11.0,14.2,cold,5.0,13,12.25656,0,72.0,4971.200000000001,87.72448979591837,0.09330985915492958,0.18838028169014084,9.330985915492958,0,0.49074074074074076,49.6,-88.0,oversleep,63.0,83.0,61.0
2025-03-17,50.0,62.0,35.0,12.0,32.0,60.0,27.0,53.0,389.0,2:10 AM,9:45 AM,8305,2897,83.0,136,0.0,0.0,8,,,6.3,3.0,10.0,06:49,18:48,81,60.0,40,26,17.5,9,1031.5,1029.0,1026.5,0.0,False,False,False,False,False,False,False,False,False,False,False,False,False,False,False,False,False,False,False,False,False,False,False,False,False,False,False,False,False,02:10:00,09:45:00,130.0,585.0,130.0,on_time,Monday,False,0,18:48:00,06:49:00,1128,409,442.0,7.366666666666666,719,11.983333333333333,late_after_sunset,moderate_activity,8,1,0.0,0,133.9516129032258,0.0,7.0,13.7,cold,5.0,17,6.300000000000002,0,50.0,6644.0,91.27551020408163,0.15424164524421594,0.06940874035989718,15.424164524421593,1,2.142857142857143,35.0,91.0,undersleep,53.0,72.0,67.0
2025-03-16,75.0,59.0,55.0,13.0,33.0,50.0,64.0,46.0,525.0,12:01 AM,9:16 AM,7566,2956,83.0,151,0.0,0.0,66,,,4.7,0.0,9.0,06:52,18:46,93,76.6,53,22,13.8,7,1026.5,1023.8,1022.5,0.0,False,False,False,False,False,False,False,False,False,False,False,False,False,False,False,False,False,False,False,False,False,False,False,False,False,False,False,False,False,00:01:00,09:16:00,1.0,556.0,1.0,on_time,Sunday,True,6,18:46:00,06:52:00,1126,412,315.0,5.25,714,11.9,normal_after_sunset,moderate_activity,66,1,0.0,0,128.23728813559322,0.0,9.0,15.3,cold,4.0,15,4.124250000000002,0,75.0,6052.8,37.724489795918366,0.09523809523809523,0.1219047619047619,9.523809523809524,0,0.7692307692307693,44.199999999999996,-45.0,optimal,60.0,50.0,35.0
2025-03-15,74.0,56.0,59.0,12.0,33.0,61.0,58.0,61.0,435.0,12:16 AM,8:07 AM,15139,2847,82.7,130,0.0,0.0,24,,,3.9,1.0,7.0,06:54,18:45,87,67.1,49,28,19.7,11,1022.5,1020.6,1017.5,0.0,False,False,False,False,False,False,False,False,False,False,False,False,False,False,False,False,False,False,False,False,False,False,False,False,False,False,False,False,False,00:16:00,08:07:00,16.0,487.0,16.0,on_time,Saturday,True,5,18:45:00,06:54:00,1125,414,331.0,5.516666666666667,711,11.85,normal_after_sunset,moderate_activity,24,1,0.0,0,270.3392857142857,-0.29999999999999716,6.0,16.1,cold,5.0,17,4.74747,0,74.0,12111.2,22.724489795918366,0.14022988505747128,0.13333333333333333,14.022988505747128,0,1.0338983050847457,46.7,45.0,optimal,50.0,75.0,55.0
2025-03-14,44.0,63.0,32.0,13.0,33.0,79.0,23.0,51.0,439.0,1:41 AM,9:42 AM,13385,2860,82.5,123,0.0,0.0,31,,,3.3,0.0,7.0,06:56,18:43,93,71.5,49,24,13.6,4,1017.5,1010.1,1004.5,0.0,False,False,False,False,False,False,False,False,False,False,False,False,False,False,False,False,False,False,False,False,False,False,False,False,False,False,False,False,False,01:41:00,09:42:00,101.0,582.0,101.0,on_time,Friday,False,4,18:43:00,06:56:00,1123,416,418.0,6.966666666666667,707,11.783333333333333,late_after_sunset,moderate_activity,31,1,0.0,0,212.46031746031747,-0.20000000000000284,7.0,16.7,cold,13.0,20,2.0691000000000006,0,44.0,10708.0,62.275510204081634,0.17995444191343962,0.05239179954441914,17.995444191343964,1,3.2916666666666665,33.800000000000004,41.0,optimal,61.0,74.0,59.0
2025-03-13,81.0,55.0,51.0,12.0,33.0,105.0,102.0,35.0,430.0,12:27 AM,8:00 AM,8682,3017,82.2,149,0.0,4.94,80,,,3.3,0.0,7.0,06:59,18:41,100,84.3,57,20,9.2,2,1004.5,1001.0,998.5,0.0,False,False,False,False,False,False,False,False,False,False,False,False,False,False,False,False,False,False,False,False,False,False,False,False,False,False,False,False,False,00:27:00,08:00:00,27.0,480.0,27.0,on_time,Thursday,False,3,18:41:00,06:59:00,1121,419,346.0,5.766666666666667,702,11.7,late_after_sunset,moderate_activity,80,1,4.94,1,157.85454545454544,-0.29999999999999716,7.0,16.7,cold,6.0,18,2.0983050000000008,0,81.0,6945.6,11.724489795918366,0.2441860465116279,0.2372093023255814,24.418604651162788,0,1.0194174757281553,43.800000000000004,50.0,optimal,79.0,44.0,32.0
2025-03-12,88.0,57.0,73.0,12.0,32.0,66.0,154.0,69.0,562.0,11:00 PM,8:37 AM,7226,2910,81.0,124,0.0,0.0,9,,,4.3,1.0,8.0,07:01,18:39,100,83.2,61,22,11.8,0,1002.5,1000.7,999.5,0.0,False,False,False,False,False,False,False,False,False,False,False,False,False,False,False,False,False,False,False,False,False,False,False,False,False,True,False,False,False,23:00:00,08:37:00,1380.0,517.0,-60.0,early,Wednesday,False,2,18:39:00,07:01:00,1119,421,261.0,4.35,698,11.633333333333333,normal_after_sunset,moderate_activity,9,1,0.0,0,126.7719298245614,-1.2000000000000028,7.0,15.7,cold,3.0,22,3.17856,0,88.0,5780.8,98.72448979591837,0.11743772241992882,0.27402135231316727,11.743772241992882,0,0.4258064516129032,51.7,-82.0,oversleep,105.0,81.0,51.0
2025-03-11,73.0,59.0,29.0,13.0,30.0,52.0,96.0,38.0,391.0,3:29 AM,10:09 AM,5757,3284,81.7,135,0.0,19.8,130,,,5.4,2.0,8.0,07:03,18:38,100,80.5,57,28,15.8,7,1004.5,1004.0,1002.5,0.0,False,False,False,False,False,False,False,False,False,False,False,False,False,False,False,False,False,False,False,False,False,False,False,False,False,False,False,False,False,03:29:00,10:09:00,209.0,609.0,209.0,late,Tuesday,False,1,18:38:00,07:03:00,1118,423,531.0,8.85,695,11.583333333333334,late_after_sunset,moderate_activity,130,1,19.8,1,97.57627118644068,0.7000000000000028,6.0,14.6,cold,2.0,21,3.8434499999999994,0,73.0,4605.6,170.27551020408163,0.1329923273657289,0.24552429667519182,13.299232736572892,0,0.5360824742268041,32.9,89.0,undersleep,66.0,88.0,73.0
2025-03-10,62.0,61.0,34.0,13.0,31.0,63.0,24.0,45.0,363.0,1:39 AM,7:51 AM,11049,3822,82.3,140,0.0,15.12,127,,,9.1,4.0,15.0,07:05,18:36,93,70.1,42,17,10.3,0,1004.5,1002.8,1001.5,0.0,False,False,False,False,False,False,False,False,False,False,False,False,False,False,False,False,False,False,False,False,False,False,False,False,False,False,False,False,False,01:39:00,07:51:00,99.0,471.0,99.0,on_time,Monday,False,0,18:36:00,07:05:00,1116,425,423.0,7.05,691,11.516666666666667,late_after_sunset,moderate_activity,127,1,15.12,1,181.13114754098362,0.5999999999999943,11.0,10.9,cold,3.0,17,8.43479,0,62.0,8839.2,60.275510204081634,0.17355371900826447,0.06611570247933884,17.355371900826448,1,2.52,34.599999999999994,117.0,undersleep,52.0,73.0,29.0
2025-03-09,73.0,58.0,51.0,13.0,34.0,67.0,85.0,46.0,481.0,--,--,7389,2744,83.0,123,0.0,0.0,13,,,10.8,4.0,18.0,07:08,18:34,81,61.2,42,17,10.3,6,1009.5,1006.0,1003.5,0.0,False,False,False,False,False,False,False,False,False,False,False,False,False,False,False,False,False,False,False,False,False,False,False,False,False,False,False,False,False,,,,,,on_time,Sunday,True,6,18:34:00,07:08:00,1114,428,,,686,11.433333333333334,normal_after_sunset,moderate_activity,13,1,0.0,0,127.39655172413794,0.7000000000000028,14.0,9.2,comfortable,6.0,11,15.294960000000001,0,73.0,7389.0,,0.1392931392931393,0.17671517671517672,13.92931392931393,0,0.7790697674418605,43.2,-1.0,optimal,63.0,62.0,34.0
2025-03-08,75.0,57.0,55.0,13.0,30.0,48.0,69.0,47.0,401.0,12:30 AM,7:18 AM,8615,3050,82.5,144,0.0,19.05,102,,,12.2,5.0,19.0,07:10,18:32,76,52.6,24,22,14.3,7,1015.5,1012.7,1009.5,0.0,False,False,False,False,False,False,False,False,False,False,False,False,False,False,False,False,False,False,False,False,False,True,False,False,False,False,False,False,False,00:30:00,07:18:00,30.0,438.0,30.0,on_time,Saturday,True,5,18:32:00,07:10:00,1112,430,358.0,5.966666666666667,682,11.366666666666667,late_after_sunset,moderate_activity,102,1,19.05,1,151.140350877193,-0.5,14.0,7.800000000000001,comfortable,6.0,15,21.685499999999998,0,75.0,8615.0,8.724489795918366,0.11970074812967581,0.17206982543640897,11.970074812967582,0,0.6857142857142857,43.9,79.0,undersleep,67.0,73.0,51.0
2025-03-07,78.0,63.0,39.0,12.0,30.0,74.0,83.0,47.0,555.0,1:14 AM,10:31 AM,6631,2919,82.3,125,0.0,14.03,48,,,10.3,4.0,18.0,07:12,18:30,87,66.8,45,17,11.4,6,1016.5,1015.8,1015.5,0.0,False,False,False,False,False,False,False,False,False,False,False,False,False,False,False,False,False,False,False,False,False,False,False,False,False,False,False,False,False,01:14:00,10:31:00,74.0,631.0,74.0,on_time,Friday,False,4,18:30:00,07:12:00,1110,432,404.0,6.733333333333333,678,11.3,late_after_sunset,moderate_activity,48,1,14.03,1,105.25396825396825,-0.20000000000000284,14.0,9.7,comfortable,1.0,11,13.336440000000003,0,78.0,6631.0,35.275510204081634,0.13333333333333333,0.14954954954954955,13.333333333333334,0,0.8809523809523809,35.7,-75.0,oversleep,48.0,75.0,55.0
2025-03-06,43.0,62.0,30.0,13.0,32.0,67.0,21.0,36.0,331.0,2:14 AM,7:46 AM,13284,3788,82.0,159,0.0,0.0,101,,,8.3,1.0,17.0,07:15,18:29,93,69.7,45,19,11.2,6,1020.5,1017.2,1015.5,0.0,False,False,False,False,False,False,False,False,False,False,False,False,False,False,False,False,False,False,False,False,False,False,False,False,False,False,False,False,False,02:14:00,07:46:00,134.0,466.0,134.0,on_time,Thursday,False,3,18:29:00,07:15:00,1109,435,465.0,7.75,674,11.233333333333333,late_after_sunset,moderate_activity,101,1,0.0,0,214.25806451612902,-0.29999999999999716,16.0,11.7,cold,5.0,13,5.407035,0,43.0,10627.2,95.27551020408163,0.20241691842900303,0.0634441087613293,20.241691842900302,0,3.0454545454545454,33.0,149.0,undersleep,74.0,78.0,39.0
2025-03-05,50.0,63.0,43.0,12.0,33.0,45.0,105.0,43.0,453.0,2:18 AM,9:57 AM,9070,2846,81.8,119,0.0,0.0,3,,,6.3,0.0,14.0,07:17,18:27,93,73.3,44,22,12.0,4,1025.5,1022.8,1020.5,0.0,False,False,False,False,False,False,False,False,False,False,False,False,False,False,False,False,False,False,False,False,False,False,False,False,False,False,False,False,False,02:18:00,09:57:00,138.0,597.0,138.0,late,Wednesday,False,2,18:27:00,07:17:00,1107,437,471.0,7.85,670,11.166666666666666,late_after_sunset,moderate_activity,3,1,0.0,0,143.96825396825398,-0.20000000000000284,14.0,13.7,cold,5.0,18,4.205250000000001,0,50.0,7256.0,99.27551020408163,0.09933774834437085,0.23178807947019867,9.933774834437086,0,0.42452830188679247,38.2,27.0,optimal,67.0,43.0,30.0
2025-03-04,77.0,61.0,58.0,13.0,34.0,48.0,55.0,53.0,468.0,1:19 AM,9:19 AM,9047,3393,82.5,169,3.0,15.75,123,,,3.8,-3.0,12.0,07:19,18:25,100,81.3,54,15,6.9,0,1028.5,1026.6,1024.5,0.0,False,False,False,False,False,False,False,False,False,False,False,False,False,False,False,False,False,True,False,False,False,False,False,False,False,False,False,False,False,01:19:00,09:19:00,79.0,559.0,79.0,on_time,Tuesday,False,1,18:25:00,07:19:00,1105,439,414.0,6.9,666,11.1,late_after_sunset,moderate_activity,123,1,18.75,1,148.31147540983608,0.7000000000000028,15.0,16.2,cold,4.0,15,2.7358100000000016,0,77.0,7237.6,40.275510204081634,0.10256410256410256,0.11752136752136752,10.256410256410255,0,0.8571428571428571,45.10000000000001,12.0,optimal,45.0,50.0,43.0
2025-03-03,39.0,62.0,24.0,14.0,34.0,79.0,0.0,41.0,351.0,1:32 AM,7:38 AM,15141,3319,82.3,124,0.0,0.0,49,,,2.9,-4.0,10.0,07:21,18:23,100,84.4,54,9,4.7,0,1031.5,1029.8,1028.5,0.0,False,False,False,False,False,False,False,False,False,False,False,False,False,False,False,False,False,True,False,False,False,False,True,False,False,False,False,False,False,01:32:00,07:38:00,92.0,458.0,92.0,on_time,Monday,False,0,18:23:00,07:21:00,1103,441,429.0,7.15,662,11.033333333333333,late_after_sunset,moderate_activity,49,1,0.0,0,244.20967741935485,-0.20000000000000284,14.0,17.1,cold,3.0,9,0.882179999999999,0,39.0,12112.800000000001,53.275510204081634,0.22507122507122507,0.0,22.507122507122507,0,79.0,31.200000000000003,129.0,undersleep,48.0,77.0,58.0
2025-03-02,46.0,62.0,28.0,13.0,35.0,50.0,33.0,40.0,436.0,1:44 AM,9:25 AM,13015,3679,82.1,126,0.0,0.0,81,,,3.0,-3.0,10.0,07:24,18:21,100,85.5,54,11,4.0,0,1036.5,1034.9,1031.5,0.0,False,False,False,False,False,False,False,False,False,False,False,False,False,False,False,False,False,True,False,False,False,False,False,False,False,True,True,True,False,01:44:00,09:25:00,104.0,565.0,104.0,on_time,Sunday,True,6,18:21:00,07:24:00,1101,444,443.0,7.383333333333334,657,10.95,late_after_sunset,moderate_activity,81,1,0.0,0,209.91935483870967,-0.20000000000000284,13.0,17.0,cold,5.0,11,1.0005000000000004,0,46.0,10412.0,65.27551020408163,0.11467889908256881,0.07568807339449542,11.46788990825688,0,1.4705882352941178,33.1,44.0,optimal,79.0,39.0,24.0
2025-03-01,88.0,58.0,66.0,13.0,37.0,99.0,98.0,53.0,496.0,12:02 AM,8:26 AM,13577,3229,81.9,120,0.0,0.0,30,,,4.0,0.0,8.0,07:26,18:19,100,83.4,62,17,8.7,2,1036.5,1033.7,1030.5,0.0,False,False,False,False,False,False,False,False,False,False,False,False,False,False,False,False,False,False,False,False,False,False,False,False,False,True,True,True,False,00:02:00,08:26:00,2.0,506.0,2.0,on_time,Saturday,True,5,18:19:00,07:26:00,1099,446,343.0,5.716666666666667,653,10.883333333333333,late_after_sunset,moderate_activity,30,1,0.0,0,234.08620689655172,-0.19999999999998863,8.0,16.0,cold,6.0,15,2.9215999999999975,0,88.0,10861.6,36.724489795918366,0.19959677419354838,0.1975806451612903,19.959677419354836,1,1.0,50.1,-16.0,optimal,50.0,46.0,28.0
2025-02-28,72.0,57.0,63.0,12.0,37.0,56.0,64.0,42.0,391.0,12:51 AM,7:38 AM,12511,2777,81.7,113,0.0,0.0,0,,,5.4,1.0,8.0,07:28,18:18,100,83.7,66,22,13.8,6,1030.5,1026.4,1020.5,0.0,False,False,False,False,False,False,False,False,False,False,False,False,False,False,False,False,False,False,False,False,False,False,False,False,False,False,False,False,False,00:51:00,07:38:00,51.0,458.0,51.0,on_time,Friday,False,4,18:18:00,07:28:00,1098,448,393.0,6.55,650,10.833333333333334,late_after_sunset,moderate_activity,0,0,0.0,0,219.49122807017545,-0.20000000000000284,7.0,14.6,cold,10.0,16,3.1687199999999986,0,0.0,10008.800000000001,12.275510204081634,0.1432225063938619,0.1636828644501279,14.322250639386189,0,0.8615384615384616,49.2,89.0,undersleep,99.0,88.0,66.0
2025-02-27,79.0,58.0,55.0,12.0,37.0,65.0,90.0,39.0,411.0,12:28 AM,7:23 AM,9551,3242,81.5,131,0.0,14.87,87,,,6.0,5.0,8.0,07:30,18:16,100,89.8,81,26,15.8,2,1020.5,1014.3,1010.5,1.6,False,False,False,False,False,False,False,False,False,False,False,False,False,False,False,False,False,False,False,False,False,True,False,False,False,False,False,False,False,00:28:00,07:23:00,28.0,443.0,28.0,on_time,Thursday,False,3,18:16:00,07:30:00,1096,450,372.0,6.2,646,10.766666666666667,late_after_sunset,moderate_activity,87,1,14.87,1,164.67241379310346,-0.20000000000000284,3.0,14.0,cold,10.0,24,2.4173999999999998,0,79.0,7640.8,10.724489795918366,0.15815085158150852,0.21897810218978103,15.815085158150852,1,0.7142857142857143,45.7,69.0,undersleep,56.0,72.0,63.0
2025-02-26,76.0,61.0,39.0,12.0,36.0,61.0,88.0,41.0,515.0,11:21 PM,8:09 AM,8363,2748,81.5,128,0.0,0.0,5,,,7.0,2.0,11.0,07:32,18:14,100,82.1,54,31,15.8,0,1016.5,1014.3,1010.5,3.4,False,False,False,False,False,False,False,False,False,False,False,False,False,False,False,False,False,False,False,False,False,False,False,False,False,False,False,False,False,23:21:00,08:09:00,1401.0,489.0,-39.0,on_time,Wednesday,False,2,18:14:00,07:32:00,1094,452,307.0,5.116666666666666,642,10.7,normal_after_sunset,moderate_activity,5,1,0.0,0,137.0983606557377,0.0,9.0,13.0,cold,6.0,31,4.761400000000001,0,76.0,6690.400000000001,77.72448979591837,0.11844660194174757,0.170873786407767,11.844660194174757,0,0.6853932584269663,38.099999999999994,-35.0,optimal,65.0,79.0,55.0
2025-02-25,80.0,59.0,47.0,13.0,37.0,50.0,89.0,57.0,458.0,11:52 PM,7:31 AM,11276,3579,81.5,168,5.0,15.93,167,,,8.1,6.0,11.0,07:35,18:12,100,92.0,76,19,12.7,4,1014.5,1013.4,1012.5,0.0,False,False,False,False,False,False,False,False,False,False,False,False,False,False,False,False,False,False,False,False,False,False,False,False,False,False,False,False,False,23:52:00,07:31:00,1432.0,451.0,-8.0,on_time,Tuesday,False,1,18:12:00,07:35:00,1092,455,340.0,5.666666666666667,637,10.616666666666667,late_after_sunset,moderate_activity,167,1,20.93,1,191.11864406779662,0.0,5.0,11.9,cold,2.0,15,2.591999999999999,0,80.0,9020.800000000001,46.724489795918366,0.1091703056768559,0.1943231441048035,10.91703056768559,0,0.5555555555555556,42.199999999999996,22.0,optimal,61.0,76.0,39.0
2025-02-24,81.0,57.0,49.0,12.0,38.0,57.0,80.0,48.0,515.0,10:50 PM,7:30 AM,10462,3452,81.5,169,0.0,14.13,113,,,10.4,9.0,12.0,07:37,18:10,100,83.3,67,33,27.6,19,1020.5,1014.8,1012.5,5.2,False,False,False,False,False,False,False,False,False,False,False,False,False,False,False,False,False,False,False,False,False,False,False,False,False,False,False,False,False,22:50:00,07:30:00,1370.0,450.0,-70.0,early,Monday,False,0,18:10:00,07:37:00,1090,457,280.0,4.666666666666667,633,10.55,normal_after_sunset,moderate_activity,113,1,14.13,1,183.5438596491228,0.0,3.0,9.6,humid,8.0,14,7.034040000000003,0,81.0,8369.6,108.72448979591837,0.11067961165048544,0.1553398058252427,11.067961165048544,0,0.7037037037037037,43.9,-35.0,optimal,50.0,80.0,47.0
2025-02-23,76.0,58.0,60.0,12.0,38.0,45.0,91.0,58.0,492.0,11:45 PM,8:31 AM,8072,2845,81.5,129,0.0,6.29,38,,,9.6,5.0,14.0,07:39,18:08,100,83.6,62,31,20.8,11,1027.5,1024.3,1020.5,0.0,False,False,False,False,False,False,False,False,False,False,False,False,False,False,False,False,False,False,False,False,False,False,False,False,False,False,False,False,False,23:45:00,08:31:00,1425.0,511.0,-15.0,on_time,Sunday,True,6,18:08:00,07:39:00,1088,459,337.0,5.616666666666666,629,10.483333333333333,late_after_sunset,moderate_activity,38,1,6.29,1,139.17241379310346,0.0,9.0,10.4,cold,7.0,20,5.9827200000000005,0,76.0,6457.6,53.724489795918366,0.09146341463414634,0.18495934959349594,9.146341463414634,0,0.4891304347826087,48.0,-12.0,optimal,57.0,81.0,49.0
2025-02-22,78.0,59.0,50.0,12.0,34.0,65.0,62.0,42.0,473.0,11:30 PM,7:32 AM,11242,2971,81.5,159,0.0,0.0,58,,,10.0,6.0,13.0,07:41,18:07,100,90.9,72,26,19.0,13,1022.5,1013.9,1010.5,1.9,False,False,False,False,False,False,False,False,False,False,False,False,False,False,False,False,False,False,False,False,False,False,False,False,False,False,False,False,False,23:30:00,07:32:00,1410.0,452.0,-30.0,on_time,Saturday,True,5,18:07:00,07:41:00,1087,461,323.0,5.383333333333334,626,10.433333333333334,normal_after_sunset,moderate_activity,58,1,0.0,0,190.54237288135593,0.0,7.0,10.0,humid,12.0,13,3.5489999999999986,0,78.0,8993.6,68.72448979591837,0.13742071881606766,0.13107822410147993,13.742071881606766,0,1.0317460317460319,42.5,7.0,optimal,45.0,76.0,60.0
2025-02-21,85.0,58.0,59.0,12.0,34.0,69.0,99.0,56.0,525.0,11:10 PM,8:01 AM,8492,3006,81.5,124,0.0,6.29,27,,,13.0,9.0,17.0,07:43,18:05,94,77.2,59,30,21.7,15,1019.5,1016.0,1012.5,1.0,False,False,False,False,False,False,False,False,False,False,False,False,False,False,False,False,False,False,False,False,False,False,False,False,False,False,False,False,False,23:10:00,08:01:00,1390.0,481.0,-50.0,on_time,Friday,False,4,18:05:00,07:43:00,1085,463,305.0,5.083333333333333,622,10.366666666666667,normal_after_sunset,moderate_activity,27,1,6.29,1,146.41379310344828,0.0,8.0,7.0,comfortable,7.0,15,12.597,0,85.0,8492.0,88.72448979591837,0.13142857142857142,0.18857142857142858,13.142857142857142,0,0.69,46.4,-45.0,optimal,65.0,78.0,50.0
